0;0;1.0
0;109;-0.00480090687595465
0;118;-0.00241061645721254
0;288;-0.00193165614277739
0;738;-0.029230581652662
1;1;1.0
1;325;-1.553318209070756e-11
2;2;1.0
2;26;-1.0
2;63;-1.0
2;102;-1.0
2;315;-1.0
2;319;-1.0
2;425;-0.0014
2;499;-0.85
2;582;-1.0
2;603;-0.49
2;605;-0.96
3;3;1.0
3;576;-0.0001460356150528021
4;4;1.0
4;582;-1.9575
4;668;-0.97875
5;5;1.0
6;6;1.0
6;526;-0.21153054221002057
7;7;1.0
7;109;-0.00174956535632019
7;118;-0.00250699919896688
7;288;-0.00109245709612085
7;738;-0.00164387905043985
8;8;1.0
8;141;-1.026
8;527;-0.57
9;9;1.0
9;344;-0.87
10;10;1.0
10;491;-0.94
11;11;1.0
11;167;-1.00057
12;12;1.0
12;194;-0.00152
12;298;-0.001
13;13;1.0
13;368;-0.11
13;396;-0.11
14;14;1.0
14;187;-1.0
15;11;-31.116800000000005
15;15;1.0
16;16;1.0
17;17;1.0
17;144;-0.28
17;156;-0.41
17;183;-0.5980556828014455
17;491;-0.41
17;609;-0.94
18;18;1.0
18;70;-0.0185
19;19;1.0
20;15;-0.00018896
20;20;1.0
20;89;-0.00013163
20;447;-1.23e-05
20;538;-0.07748016
21;21;1.0
21;707;-0.1276923076923077
22;22;1.0
23;11;-6.24624
23;23;1.0
23;213;-12.28716
23;227;-0.00403
23;255;-2.67282
23;275;-0.004
23;334;-0.004
23;420;-5.87992
23;462;-0.02826
23;517;-1.99392
23;656;-0.2806
23;724;-1.2276000000000002
24;24;1.0
24;109;-1.19921183562428
24;118;-0.659156389588604
24;288;-0.494586990580956
24;738;-9.15427765394306
25;25;1.0
25;109;-0.0486397128289707
25;288;-0.000941710762381379
25;738;-0.00929022450508016
26;26;1.0
26;344;-0.023
27;27;1.0
27;526;-0.05600549073438572
28;28;1.0
28;269;-51.83924
29;29;1.0
30;30;1.0
30;344;-0.038
31;31;1.0
32;32;1.0
32;293;-500.0
33;33;1.0
34;34;1.0
34;194;-2.54e-11
34;298;-2.536783358701167e-11
34;379;-8.041603247082699e-11
35;35;1.0
35;219;-0.8574855942376951
35;483;-0.022
35;495;-0.022
36;36;1.0
36;188;-15.0
37;37;1.0
37;526;-0.051338366506520246
38;15;-0.0013
38;38;1.0
38;89;-0.00405
38;249;-0.00108
38;447;-0.0026
39;39;1.0
39;252;-12.5
40;40;1.0
41;41;1.0
41;68;-0.000909
42;42;1.0
42;89;-0.00036
43;43;1.0
43;324;-0.97946
44;44;1.0
44;219;-0.0310984393757503
44;483;-0.0067
44;495;-0.0067
44;526;-0.03129718599862732
44;707;-0.03076923076923077
45;45;1.0
45;109;-0.00481149718886945
46;46;1.0
46;61;-0.9
46;244;-0.017192469698272154
46;609;-0.96
47;47;1.0
48;48;1.0
49;49;1.0
49;229;-0.97
50;50;1.0
51;10;-0.25
51;51;1.0
51;153;-0.25
51;188;-0.46
52;52;1.0
52;499;-0.0057
53;53;1.0
53;68;-0.0062
54;54;1.0
55;55;1.0
55;231;-0.00041
56;56;1.0
57;57;1.0
57;550;-0.025
58;58;1.0
58;148;-0.034
59;59;1.0
59;746;-5.0
60;60;1.0
60;227;-1.02459
61;61;1.0
61;526;-0.13150308853809195
62;28;-1.01
62;62;1.0
63;63;1.0
63;231;-0.79
64;64;1.0
64;288;-0.000480746935527555
64;738;-0.000627953552093237
65;65;1.0
65;662;-0.251
66;66;1.0
66;109;-0.0069496099735872
66;118;-0.0035338724592215
66;288;-0.00284985039732383
66;738;-0.0413870560807596
67;67;1.0
67;760;0.0079
68;68;1.0
69;69;1.0
69;288;-0.000623529044011057
69;738;-7.02038220839227e-06
70;70;1.0
70;309;-0.045599999999999995
70;618;-0.023710000000000002
70;751;-0.13897550111358575
71;71;1.0
71;109;-0.00613545487197076
72;35;-1.0
72;37;-0.5
72;72;1.0
72;336;-1.0
72;380;-0.5
72;550;-0.32
72;561;-77.31237367774793
72;603;-0.38
73;73;1.0
73;288;-0.000517184165671171
73;738;-0.00305308259101963
74;74;1.0
74;439;-0.003
75;75;1.0
75;439;-0.12
76;76;1.0
77;77;1.0
78;11;-0.4288
78;78;1.0
78;109;-0.00123253836746408
78;118;-1.23045321291601
78;213;-1.6368
78;288;-0.168499030742732
78;309;-3.11
78;420;-0.4288
78;517;-0.4288
78;576;-0.001881154643475704
78;618;-0.11
78;639;-0.13206758828730655
78;724;-0.14880000000000002
78;738;-0.878738609280462
79;79;1.0
79;109;-0.00938760867777839
79;118;-0.00182653273671102
79;288;-0.00293737770579627
79;738;-0.008993995506775
80;80;1.0
80;109;-0.00464118788063056
80;118;-0.00221903317708495
80;288;-0.00166496471282742
80;738;-0.0313423950043424
81;81;1.0
81;576;-0.01798582820935241
82;82;1.0
82;109;-0.00450030354052496
83;83;1.0
83;219;-10.8
83;483;-14.4
83;495;-14.4
83;526;-14.4
83;707;-10.8
84;15;-0.0003
84;84;1.0
84;89;-0.00041
84;249;-0.00015
84;324;-0.0001751
84;447;-0.0003
84;525;-0.0001
85;85;1.0
85;109;-0.00299915118010498
85;576;-0.2159921594053612
86;86;1.0
86;229;-2e-08
86;425;-2e-08
86;499;-2e-08
87;87;1.0
87;190;-0.015
87;251;-0.1
87;425;-0.0036
87;582;-0.5625
87;600;-0.25
87;668;-1.6875
87;746;-0.4833333333333334
88;88;1.0
88;288;-0.000508148594987174
88;439;-3.0
88;738;-0.000653640049533347
89;89;1.0
89;462;-1.032
90;90;1.0
90;639;-1.6694063119110985e-06
91;29;6.89e-07
91;91;1.0
91;167;6.89e-07
91;199;6.89e-07
91;238;6.89e-07
91;302;6.89e-07
91;423;6.89e-07
91;442;6.89e-07
91;490;6.89e-07
91;563;6.89e-07
91;612;6.89e-07
91;677;6.89e-07
92;92;1.0
92;269;-0.00051188
93;11;-0.22721796240000006
93;15;-0.0005254200000000001
93;18;-0.45662
93;28;-0.005560000000000001
93;29;-0.0067
93;70;-58.0
93;93;1.0
93;167;-0.0067
93;199;-0.0067
93;238;-0.0067
93;249;-0.0016564000000000001
93;255;-0.24906702
93;269;-0.031589696
93;275;-0.0002502
93;298;-0.578
93;302;-0.0067
93;309;-0.08390399999999999
93;324;-0.0069788
93;340;-0.74892
93;367;-0.031589696
93;423;-0.0067
93;442;-0.0067
93;490;-0.0067
93;517;-0.24318105600000003
93;538;-0.08593869600000001
93;563;-0.0067
93;612;-0.0067
93;618;-0.043626399999999996
93;677;-0.0067
93;751;-0.3028953229398664
94;94;1.0
94;397;-2.96
95;95;1.0
96;96;1.0
96;397;-1.97
97;97;1.0
98;68;-0.000227
98;98;1.0
99;99;1.0
100;100;1.0
101;101;1.0
101;439;-0.6
102;102;1.0
102;254;-0.003
103;103;1.0
103;439;158.0
104;104;1.0
105;105;1.0
105;109;-0.00107306247513933
105;288;-0.000943475243847957
105;738;-0.00341453874489795
106;106;1.0
107;107;1.0
108;108;1.0
108;746;-13.33333333333333
109;109;1.0
110;109;-5.24902488764079
110;110;1.0
110;118;-2.99052117217708
110;288;-2.19478675958184
110;738;-45.1462700500727
111;111;1.0
111;662;-0.752
112;112;1.0
113;10;-0.55
113;113;1.0
113;153;-0.55
114;114;1.0
114;288;-0.0306678091550663
114;738;-0.0398738380574056
115;61;-0.035
115;115;1.0
115;190;-0.035
115;244;-0.01167177665071587
115;609;-0.02
116;116;1.0
116;636;-854.0
116;736;-500.0
117;117;1.0
117;662;-0.0144
118;118;1.0
119;109;-7.09651371828812
119;119;1.0
120;120;1.0
121;121;1.0
121;219;-0.8574855942376951
122;10;-4.6e-10
122;122;1.0
122;141;-4e-10
122;153;-4.6e-10
122;156;-4e-10
122;188;-4e-10
122;491;-4e-10
122;527;-4e-10
122;609;-4e-10
122;620;-4e-10
123;123;1.0
124;124;1.0
124;609;-0.02
125;125;1.0
125;425;-0.016
126;14;-1500.0
126;18;-0.18493
126;126;1.0
126;301;-405.0
127;127;1.0
127;548;-97.5
128;128;1.0
128;275;-0.02769189189189189
129;129;1.0
129;439;-0.018
130;130;1.0
131;131;1.0
131;293;-3250.0
132;21;-1.0
132;58;-0.086
132;132;1.0
132;184;-1.0
132;292;-0.15
132;372;-1.0
132;395;-45.0
132;425;-0.041
132;524;-1.0
132;581;-1.0
132;615;-440.0
133;133;1.0
134;134;1.0
135;109;-0.00154437743655919
135;135;1.0
135;288;-0.00117812433280683
135;738;-0.0110994524930319
136;109;-0.0253682826353956
136;118;-0.00261228258157648
136;136;1.0
136;288;-0.0371539117246167
136;576;-0.02239020829548098
136;738;-0.0433926653724011
137;137;1.0
137;288;-0.0130467681272361
137;738;-0.0169705581939628
138;37;-0.5
138;138;1.0
138;380;-0.5
139;139;1.0
139;582;-3.7663
139;668;-0.37662
140;140;1.0
141;10;-0.95
141;141;1.0
142;142;1.0
142;293;-20.0
143;143;1.0
143;288;-0.000488942602068148
143;738;-0.000633125880536691
144;144;1.0
144;526;-0.3891557995881949
145;145;1.0
145;561;-46.38742420664875
145;582;-1.9575
145;668;-0.97875
146;146;1.0
146;561;-34.01744441820909
147;147;1.0
148;148;1.0
148;476;-0.59
149;149;1.0
149;298;-0.021
150;150;1.0
151;151;1.0
152;152;1.0
153;153;1.0
153;156;-0.94
153;368;-0.89
154;68;-0.000555
154;154;1.0
155;155;1.0
155;397;-0.09
156;156;1.0
157;157;1.0
158;15;-0.0005
158;158;1.0
159;148;-0.4
159;159;1.0
160;9;-0.2
160;11;-0.08008
160;29;-0.0336
160;148;-0.2
160;160;1.0
160;167;-0.0336
160;199;-0.0336
160;213;-0.37944000000000006
160;231;-0.2
160;238;-0.0336
160;254;-0.2
160;269;-0.38056
160;302;-0.0336
160;344;-0.22
160;367;-0.23315999999999998
160;420;-0.38056
160;423;-0.0336
160;439;-487.0
160;442;-0.0336
160;462;-0.0199
160;490;-0.0336
160;517;-0.27336000000000005
160;538;-0.37944000000000006
160;563;-0.0336
160;612;-0.0336
160;677;-0.0336
160;710;-55100.0
160;724;-0.37944000000000006
161;161;1.0
162;11;-0.00435006
162;162;1.0
162;269;-0.00620688
162;420;-0.0031463199999999998
163;163;1.0
164;164;1.0
165;165;1.0
165;395;-45.0
165;615;-440.0
166;166;1.0
167;167;1.0
168;29;-0.000689
168;167;-0.000689
168;168;1.0
168;199;-0.000689
168;238;-0.000689
168;302;-0.000689
168;397;-55.0
168;423;-0.000689
168;442;-0.000689
168;490;-0.000689
168;563;-0.000689
168;612;-0.000689
168;677;-0.000689
168;751;-68.8195991091314
169;169;1.0
170;170;1.0
171;109;-0.00640857232067048
171;171;1.0
172;15;-0.0001
172;89;-9e-05
172;172;1.0
172;249;-5e-05
172;447;-0.0001
172;525;-5e-05
173;173;1.0
174;174;1.0
174;760;0.76
175;175;1.0
175;213;-0.0037200000000000006
175;724;-0.0036084000000000003
176;109;-0.00245437021050929
176;176;1.0
176;288;-0.000701237095408489
176;439;-6.0
176;738;-0.00107273937169882
177;109;-0.0016612974261811
177;177;1.0
177;288;-0.000604191036802619
177;738;-0.0114641440668571
178;178;1.0
178;325;-1.1873039430633782e-06
179;179;1.0
179;710;-10.4
180;61;-0.05
180;144;-0.05
180;156;-0.02
180;180;1.0
180;183;-0.02
180;190;-0.05
180;244;-0.017192469698272154
180;491;-0.02
180;746;-0.008333333333333333
181;181;1.0
181;439;-6.0
182;109;-1.86908896837008
182;182;1.0
182;288;-0.00126028339690803
182;738;-0.00571206502210416
183;183;1.0
183;219;-0.2518967587034814
183;707;-0.2569230769230769
184;184;1.0
184;526;-0.12916952642415921
185;185;1.0
185;577;-0.338
186;186;1.0
187;70;-1.693057110862262e-07
187;187;1.0
188;144;-0.87
188;188;1.0
189;189;1.0
190;190;1.0
190;707;-0.18923076923076923
191;191;1.0
192;192;1.0
193;193;1.0
193;293;-57500.0
194;194;1.0
195;195;1.0
196;6;-0.106
196;196;1.0
196;284;-0.106
196;520;-0.106
196;620;-0.12
197;197;1.0
197;206;0.16666666666666666
197;339;3.0
197;571;0.5
198;198;1.0
198;298;-5.4
199;199;1.0
200;200;1.0
200;288;-0.00217549792395151
200;738;-0.00243015790847698
201;201;1.0
201;710;-187.0
202;202;1.0
203;203;1.0
204;204;1.0
205;205;1.0
206;206;1.0
207;44;-0.22
207;207;1.0
208;208;1.0
208;288;-0.000469432075716452
208;738;-0.000608250168842781
209;109;-0.00222385762236662
209;209;1.0
209;288;-0.00159953640584049
209;738;-0.00181916983795653
210;210;1.0
211;211;1.0
211;479;-1.0
212;212;1.0
213;213;1.0
213;677;-1.00057
214;109;-0.00359023198022541
214;214;1.0
215;215;1.0
215;760;0.11
216;216;1.0
216;324;-7.95e-14
216;325;-4.134988363072149e-07
216;561;-24.73995957687934
217;217;1.0
218;218;1.0
219;219;1.0
220;220;1.0
221;109;-0.00171401939901084
221;221;1.0
222;222;1.0
222;746;-0.075
223;223;1.0
223;580;4.0
223;582;-4.9025
223;668;-0.22825
224;224;1.0
225;9;-1.5e-10
225;13;-1.5e-10
225;30;-1.5e-10
225;159;-1e-10
225;207;-1.5e-10
225;225;1.0
225;536;-1.4e-10
225;550;-7.7e-11
225;753;-1.1e-10
226;226;1.0
226;710;-5120.0
227;213;-37.223436
227;227;1.0
228;228;1.0
229;229;1.0
229;254;-0.13
230;230;1.0
230;439;-270.0
231;231;1.0
231;476;-0.3
232;232;1.0
232;439;-0.18
233;233;1.0
233;662;-0.0273
234;109;-0.00413344598730038
234;118;-3.53154920467617
234;234;1.0
234;288;-15.9187731354229
234;738;-0.0217927815515292
235;109;-0.0157097043766782
235;235;1.0
235;288;-0.0201241134900112
235;738;-0.0252954512587566
236;236;1.0
236;626;-3.54
236;668;-0.0744
237;237;1.0
238;238;1.0
239;144;-0.08
239;156;-0.04
239;183;-0.04
239;239;1.0
239;244;-0.08978289731319902
239;491;-0.04
240;60;-7e-07
240;62;-1.23e-08
240;240;1.0
240;249;-1e-08
240;269;-0.00013131999999999998
241;241;1.0
242;68;-0.00328
242;242;1.0
243;15;-0.0011
243;89;-0.00184
243;243;1.0
243;249;-0.00035
243;324;-0.0001751
243;447;-0.0013
243;525;-0.00032
244;219;-0.8574855942376951
244;244;1.0
245;245;1.0
245;710;-3310000.0
246;246;1.0
247;247;1.0
247;269;-0.0006834
248;109;-0.00343168427560932
248;248;1.0
249;249;1.0
249;517;-35.1616
249;656;-1.8388
250;250;1.0
250;582;-0.0001116
250;668;-1.116e-05
251;251;1.0
251;476;-0.11
252;252;1.0
253;253;1.0
254;254;1.0
254;523;-0.1
255;29;-1.00057
255;255;1.0
256;256;1.0
256;582;4.5
257;257;1.0
257;479;-80000.0
258;252;-220.0
258;258;1.0
259;259;1.0
259;751;-7.928730512249442e-06
260;260;1.0
261;261;1.0
261;662;-0.00504
262;68;-0.0177
262;262;1.0
263;263;1.0
264;264;1.0
264;760;-0.3802
265;265;1.0
265;582;0.000671370317204224
266;109;-0.00110104980371555
266;266;1.0
267;15;-0.0007239
267;60;-8.93e-05
267;62;-0.000234
267;89;-0.0008964999999999999
267;249;-0.00024362
267;267;1.0
267;447;-0.0008910000000000001
267;525;-0.0001246
268;11;-0.16302000000000003
268;213;-0.15252000000000002
268;268;1.0
268;269;-0.15276
268;367;-0.09380000000000001
268;420;-0.15276
268;449;-0.1504
268;462;-0.02417
268;517;-0.15276
268;538;-0.15252000000000002
268;724;-0.15252000000000002
269;238;-1.00057
269;269;1.0
270;270;1.0
271;271;1.0
271;439;-42.2
272;272;1.0
273;273;1.0
273;288;-0.000687127661724979
273;738;-0.00147861408493295
274;274;1.0
274;439;-60.0
275;275;1.0
275;538;-37.9254
276;276;1.0
277;277;1.0
278;278;1.0
279;279;1.0
279;395;-15.0
279;615;-220.0
280;118;-0.00262508454019263
280;280;1.0
281;281;1.0
282;282;1.0
283;283;1.0
283;428;-0.1
284;284;1.0
284;707;-0.25846153846153846
285;285;1.0
286;286;1.0
287;287;1.0
287;298;-1.0
288;288;1.0
289;21;-1.0
289;184;-1.0
289;289;1.0
289;372;-1.0
289;524;-1.0
289;581;-1.0
290;255;-0.001410159
290;290;1.0
290;462;-3.3e-05
291;291;1.0
292;148;-0.0049
292;292;1.0
293;293;1.0
294;294;1.0
294;662;-13.75
295;11;-0.007187752000000001
295;227;-9e-05
295;255;-0.005022
295;269;-0.071221
295;275;-8.8e-05
295;295;1.0
295;334;-8.8e-05
295;367;-0.0002412
295;397;-1.25
295;420;-0.0078658
296;35;-1.0
296;55;-1.0
296;58;-0.17
296;159;-0.35
296;229;-0.029
296;292;-0.031
296;296;1.0
296;336;-1.0
296;425;-0.14
296;428;-1.0
296;435;-1.0
296;499;-0.0088
296;536;-0.091
296;550;-0.47
296;600;-1.0
296;603;-0.51
296;605;-0.042
296;753;-0.3
297;109;-0.307008683680048
297;118;-0.16792951392205
297;288;-0.114706878268446
297;297;1.0
297;668;-6.324e-05
297;738;-1.7696815784961
298;298;1.0
298;751;-1.6904231625835189
299;109;-0.00560663811036754
299;118;-0.0223117148423697
299;288;-0.00695589502098617
299;299;1.0
299;738;-0.028379845541182
300;58;-0.57
300;292;-0.97
300;300;1.0
300;425;-0.27
301;187;-1.0
301;301;1.0
302;302;1.0
303;303;1.0
303;662;1.8
304;109;-0.0481944969103818
304;118;-0.0264742623426067
304;288;-0.0198673545538969
304;304;1.0
304;738;-0.367488613088296
305;305;1.0
305;479;-2.0
306;306;1.0
307;206;-0.16666666666666666
307;307;1.0
307;339;-3.0
307;571;-0.5
308;308;1.0
309;309;1.0
309;563;-1.00057
310;310;1.0
310;447;-0.0004
311;311;1.0
312;312;1.0
312;710;135000.0
313;313;1.0
313;576;-0.0001262453990160267
314;314;1.0
315;251;-0.46
315;315;1.0
316;316;1.0
316;615;-220.0
317;317;1.0
317;439;-6300.0
318;318;1.0
319;251;-0.35
319;319;1.0
320;320;1.0
321;321;1.0
321;439;-9.05
322;322;1.0
323;323;1.0
324;324;1.0
324;340;-55.303
325;325;1.0
325;639;-12.456827894327896
325;751;-12.89
326;326;1.0
326;425;-0.016
327;68;-0.00341
327;327;1.0
327;746;-5.008333333333334
328;148;-1.9e-08
328;328;1.0
328;483;-1.9e-08
328;495;-1.9e-08
328;523;-1.9e-08
329;329;1.0
330;330;1.0
331;14;-1500.0
331;18;-0.18493
331;301;-405.0
331;331;1.0
332;332;1.0
332;582;-1.3227e-09
333;15;-0.0003
333;89;-0.00056
333;249;-0.00026
333;333;1.0
333;447;-0.0002
333;525;-0.00058
334;334;1.0
334;724;-37.223436
335;15;-0.00021921
335;89;-0.00015271
335;335;1.0
336;231;-0.21
336;336;1.0
337;337;1.0
338;338;1.0
338;710;5120.0
339;339;1.0
340;255;-2.2084524
340;340;1.0
341;29;-2.6e-10
341;167;-2.6e-10
341;199;-2.6e-10
341;238;-2.6e-10
341;302;-2.6e-10
341;341;1.0
341;423;-2.6e-10
341;442;-2.6e-10
341;490;-2.6e-10
341;563;-2.6e-10
341;612;-2.6e-10
341;677;-2.6e-10
342;109;-0.00561531807377424
342;342;1.0
343;288;-0.00113594393857479
343;343;1.0
343;738;-0.00147914315885953
344;344;1.0
344;523;-0.1
345;345;1.0
345;439;-3.34
346;288;-0.00125163285904052
346;346;1.0
346;576;-0.0001364426423488863
346;738;-0.00193614834770559
347;347;1.0
348;68;-0.00182
348;348;1.0
349;349;1.0
350;350;1.0
351;188;-0.65
351;227;-3e-05
351;275;-3.2e-05
351;334;-3.2e-05
351;351;1.0
351;538;-0.014508
352;352;1.0
353;109;-0.176057542418772
353;118;-0.0131121774826084
353;288;-0.0272025151945315
353;353;1.0
353;576;-0.1470629095323086
353;577;-0.192
353;738;-0.149805036939872
354;354;1.0
354;724;-0.007440000000000001
355;355;1.0
355;538;-0.013392000000000001
356;356;1.0
357;357;1.0
358;109;-0.00155582395722054
358;118;-0.00109923138846146
358;288;-1.69592765886261
358;358;1.0
358;738;-2.20591069683144
359;359;1.0
360;360;1.0
361;26;-4.6e-10
361;58;-3.8e-10
361;63;-4.6e-10
361;102;-4.6e-10
361;292;-4.4e-10
361;315;-4.6e-10
361;319;-4.6e-10
361;361;1.0
361;524;-4.6e-10
361;581;-4.6e-10
361;582;-4.6e-10
361;603;-2.2e-10
361;605;-4.4e-10
362;362;1.0
362;439;-0.03
363;293;-1800000.0
363;363;1.0
364;325;-0.0007424359968968193
364;364;1.0
365;254;-0.089
365;365;1.0
365;499;-0.11
366;366;1.0
367;367;1.0
367;442;-1.00057
368;368;1.0
368;495;-0.43
369;369;1.0
369;439;-0.3
370;11;-0.0046750704
370;15;-0.00010842
370;60;-1.875666e-05
370;89;-0.0008367800000000001
370;194;-0.00948
370;213;-0.03516144
370;227;-0.00049762
370;249;-0.0006
370;255;-0.01959882
370;269;-0.02533136
370;275;-0.0002502
370;324;-0.0069788
370;334;-0.0002502
370;340;-0.74892
370;367;-0.031589696
370;370;1.0
370;379;-0.03885
370;420;-0.031589696
370;447;-0.0001080169
370;462;-0.0017653
370;517;-0.031589696
370;538;-0.03516144
370;582;-6.8902
370;656;-0.00117872
370;662;-0.55
370;724;-0.03516144
371;288;-0.0130455974552433
371;371;1.0
371;738;-0.0169685444277564
372;219;-0.8574855942376951
372;372;1.0
373;219;-5.007692307692308
373;373;1.0
373;483;-380.0
373;495;-380.0
373;526;-4.468085106382978
373;707;-5.007692307692308
374;374;1.0
375;375;1.0
376;376;1.0
376;499;-0.021
377;377;1.0
377;710;-26.0
378;29;-0.000584
378;167;-0.000584
378;199;-0.000584
378;238;-0.000584
378;302;-0.000584
378;378;1.0
378;423;-0.000584
378;442;-0.000584
378;490;-0.000584
378;563;-0.000584
378;612;-0.000584
378;677;-0.000584
379;379;1.0
380;380;1.0
380;707;-0.07230769230769231
381;381;1.0
381;425;-0.057
381;499;-0.0068
381;550;-0.078
382;382;1.0
382;439;-0.3
383;383;1.0
384;269;-0.0051992
384;384;1.0
385;385;1.0
386;386;1.0
386;499;-1.7e-05
387;387;1.0
387;439;5.0
388;388;1.0
388;576;-0.0007857849594006147
389;389;1.0
390;29;7.5e-05
390;167;7.5e-05
390;199;7.5e-05
390;238;7.5e-05
390;302;7.5e-05
390;390;1.0
390;423;7.5e-05
390;442;7.5e-05
390;490;7.5e-05
390;563;7.5e-05
390;612;7.5e-05
390;677;7.5e-05
391;391;1.0
392;392;1.0
392;639;-3.5098030277376187
393;393;1.0
393;425;-0.032
394;394;1.0
395;187;-1.0
395;395;1.0
396;396;1.0
396;483;-0.43
397;183;-0.94
397;397;1.0
398;109;-0.0680328030345779
398;118;-0.0320925813317704
398;288;-0.0259878960887963
398;398;1.0
398;738;-0.306744984291469
399;399;1.0
400;400;1.0
400;668;-0.37662
401;401;1.0
402;324;-9.7173e-10
402;402;1.0
403;403;1.0
404;255;-0.066731592
404;404;1.0
405;188;-1.0
405;405;1.0
406;406;1.0
407;27;-1.0
407;121;-1.0
407;407;1.0
407;573;-1.0
408;408;1.0
409;29;0.000168
409;167;0.000168
409;199;0.000168
409;238;0.000168
409;302;0.000168
409;409;1.0
409;423;0.000168
409;442;0.000168
409;490;0.000168
409;563;0.000168
409;612;0.000168
409;677;0.000168
410;410;1.0
411;411;1.0
412;412;1.0
412;746;-53.23375
413;413;1.0
414;414;1.0
415;293;-130.0
415;415;1.0
416;29;-0.0326
416;167;-0.0326
416;199;-0.0326
416;206;-0.16666666666666666
416;238;-0.0326
416;302;-0.0326
416;339;-3.0
416;416;1.0
416;423;-0.0326
416;439;-81.1
416;442;-0.0326
416;490;-0.0326
416;563;-0.0326
416;571;-0.5
416;612;-0.0326
416;677;-0.0326
416;710;-315000.0
417;417;1.0
418;418;1.0
419;324;-3.3127e-12
419;419;1.0
420;302;-1.00057
420;420;1.0
421;421;1.0
421;439;-20.0
422;422;1.0
422;576;-0.0005067818123264804
423;423;1.0
424;424;1.0
425;254;-0.3
425;425;1.0
426;426;1.0
427;427;1.0
428;344;-0.02
428;428;1.0
429;269;-0.0023852
429;429;1.0
430;430;1.0
431;431;1.0
432;432;1.0
432;751;-3.964365256124721e-06
433;433;1.0
434;12;-0.00026
434;109;-0.0105195186936715
434;118;-0.0121994752581018
434;288;-0.00470890944461147
434;434;1.0
434;576;-0.5843558594445183
434;738;-0.0136909761396828
435;148;-0.028
435;435;1.0
436;109;-0.00145604107339675
436;436;1.0
437;437;1.0
438;438;1.0
439;194;-1.69e-08
439;439;1.0
440;440;1.0
441;190;-0.9
441;441;1.0
442;442;1.0
443;443;1.0
444;444;1.0
445;301;-7.0
445;445;1.0
446;446;1.0
447;420;-29.2388
447;447;1.0
448;448;1.0
449;367;-58.638400000000004
449;449;1.0
450;450;1.0
451;269;-0.00070484
451;451;1.0
452;452;1.0
453;453;1.0
453;479;-1.0
454;454;1.0
455;455;1.0
456;456;1.0
456;710;-3330.0
457;457;1.0
458;109;-0.055398762787398
458;118;-0.00622539004691176
458;288;-0.12523145536307
458;458;1.0
458;738;-0.157092350103479
459;459;1.0
460;460;1.0
461;439;-0.006
461;461;1.0
462;334;-1.0246
462;462;1.0
463;439;-0.06
463;463;1.0
464;464;1.0
464;538;-0.026784000000000002
465;465;1.0
466;288;-0.000491868099645106
466;466;1.0
466;738;-0.000636956851758024
467;18;-0.27397
467;301;-600.0
467;467;1.0
468;468;1.0
469;469;1.0
469;582;-0.75
470;425;-0.45
470;470;1.0
471;109;-0.044366261423702
471;118;-0.0231092268615785
471;288;-0.0173753936335754
471;471;1.0
471;738;-0.247542730884833
472;395;-60.0
472;472;1.0
472;561;-23.19371210332438
472;582;-5.1221
472;615;-220.0
472;746;-15.0
473;9;-1.0
473;13;-1.0
473;30;-1.0
473;58;-1.0
473;159;-1.0
473;207;-1.0
473;425;-1.0
473;473;1.0
473;536;-1.0
473;550;-1.0
474;287;-1.09529e-07
474;474;1.0
475;109;-0.00249703578510852
475;118;-0.00354595307988148
475;475;1.0
476;476;1.0
476;523;-0.8
477;477;1.0
478;11;-0.0022696960000000003
478;255;-0.007552716000000001
478;420;-0.0062926399999999995
478;478;1.0
479;287;-1.09529e-07
479;479;1.0
480;109;-0.00394469475403785
480;480;1.0
481;188;-0.019
481;481;1.0
482;474;-2000.0
482;482;1.0
482;548;-3000.0
482;626;-1180.0
482;636;-454.0
482;736;-500.0
483;483;1.0
484;484;1.0
484;582;-0.3375
485;11;-1.91
485;109;-0.00123045025896688
485;118;-1.45648391278383
485;213;-2.85
485;255;-2.85
485;269;-1.91
485;288;-1.66954911493118
485;298;-1.0
485;367;-1.91
485;420;-1.91
485;485;1.0
485;517;-1.91
485;538;-2.85
485;576;0.001866745325280486
485;724;-2.85
485;738;-2.17015471250728
486;486;1.0
487;487;1.0
488;6;-0.894
488;284;-0.894
488;488;1.0
488;520;-0.894
488;620;-0.88
489;489;1.0
489;668;0.84375
490;490;1.0
491;396;-0.89
491;491;1.0
492;188;-0.1
492;492;1.0
493;288;-0.000744766860839538
493;493;1.0
493;576;-0.001339655855137307
493;738;-0.00108630715115178
494;494;1.0
495;495;1.0
496;439;-0.003
496;496;1.0
497;141;-1.6
497;497;1.0
497;527;-1.6
498;29;6.27e-06
498;167;6.27e-06
498;199;6.27e-06
498;238;6.27e-06
498;302;6.27e-06
498;423;6.27e-06
498;442;6.27e-06
498;490;6.27e-06
498;498;1.0
498;563;6.27e-06
498;612;6.27e-06
498;677;6.27e-06
499;254;-0.48
499;499;1.0
500;141;-0.88
500;500;1.0
500;527;-0.88
501;501;1.0
502;439;-0.00042
502;502;1.0
503;503;1.0
504;504;1.0
505;325;-7.292474786656322e-06
505;505;1.0
505;582;-2.4104
506;506;1.0
507;507;1.0
508;508;1.0
509;509;1.0
510;60;-0.006857
510;474;-2000.0
510;510;1.0
510;548;-4000.0
510;626;-118.0
510;736;-15000.0
511;11;-1.19262
511;269;-1.11756
511;275;-0.1892
511;367;-8.819075999999999
511;511;1.0
511;517;-1.11756
511;538;-1.11972
512;11;-1.19262
512;213;-1.11972
512;227;-0.4402
512;269;-1.11756
512;275;-0.1892
512;367;-8.819075999999999
512;420;-1.11756
512;462;-0.321775
512;476;-4.8
512;512;1.0
512;517;-1.11756
512;523;-4.9
512;538;-1.11972
512;724;-1.11972
513;513;1.0
514;499;-0.0057
514;514;1.0
515;515;1.0
515;710;-2000.0
516;439;-0.003
516;516;1.0
517;423;-1.00057
517;517;1.0
518;70;-12.31802911534155
518;518;1.0
519;519;1.0
520;219;-0.8574855942376951
520;520;1.0
521;14;-1000.0
521;18;-0.59361
521;301;-1300.0
521;395;-180.0
521;521;1.0
521;615;-1320.0
521;626;-1180.0
522;109;-0.00401712780773739
522;118;-0.00211304387603073
522;288;-0.00148667187644345
522;522;1.0
522;738;-0.00208537497153399
523;523;1.0
524;44;-0.38
524;524;1.0
525;60;-1.8535
525;525;1.0
526;526;1.0
527;153;-0.95
527;527;1.0
528;528;1.0
529;439;-0.12
529;529;1.0
530;159;-0.35
530;530;1.0
530;753;-0.3
531;68;-2.95
531;531;1.0
532;532;1.0
533;533;1.0
533;582;-0.192698
534;534;1.0
535;439;237.0
535;535;1.0
536;148;-0.0016
536;536;1.0
537;537;1.0
538;199;-1.00057
538;538;1.0
539;539;1.0
540;109;-0.0175140914957901
540;118;-0.00143931567462651
540;288;-0.00220627118232632
540;540;1.0
540;738;-0.0297397474507605
541;541;1.0
542;542;1.0
543;109;-0.301456783371483
543;118;-0.165919659339047
543;288;-0.112905866438183
543;543;1.0
543;738;-1.743917384236
544;288;-0.00112113676833538
544;397;-1.37
544;544;1.0
544;738;-2.25563122946371e-05
545;109;-0.00661657608854424
545;118;-0.0303506736402275
545;288;-0.00299236352750271
545;545;1.0
545;738;-0.0261283676348811
546;546;1.0
547;70;-2.969221894193898e-06
547;547;1.0
548;287;-1.09529e-07
548;548;1.0
549;549;1.0
550;44;-0.4
550;550;1.0
551;428;-0.3
551;551;1.0
552;552;1.0
552;736;-13000.0
553;553;1.0
554;397;-0.04
554;554;1.0
555;68;-0.000518
555;555;1.0
556;26;-1.0
556;63;-1.0
556;102;-1.0
556;315;-1.0
556;319;-1.0
556;425;-0.0014
556;439;-210.0
556;499;-0.85
556;556;1.0
556;561;-114.4223130430669
556;582;-1.0
556;603;-0.49
556;605;-0.96
556;710;-270000.0
557;15;-1.0
557;28;-1.0
557;62;-1.0
557;89;-1.0
557;109;-0.116199895315208
557;118;-0.0300510967008486
557;249;-1.0
557;275;-1.0
557;288;-18.2632583940266
557;340;-18.5
557;447;-1.0
557;449;-1.0
557;462;-1.0
557;465;-1.0
557;525;-1.0
557;557;1.0
557;738;-23.7954065953778
558;558;1.0
559;479;-50.0
559;559;1.0
560;560;1.0
561;70;-2.969221894193898e-06
561;561;1.0
562;562;1.0
562;704;-0.17
563;563;1.0
564;37;-1.0
564;380;-1.0
564;564;1.0
564;746;-3.217910447761195
565;565;1.0
566;566;1.0
567;567;1.0
568;568;1.0
568;582;-13.58025
569;9;-0.1
569;11;-0.1716
569;28;-0.0035
569;148;-0.1
569;213;-0.15996000000000002
569;227;-0.0035
569;231;-0.1
569;254;-0.1
569;269;-0.1608
569;275;-0.0029
569;344;-0.1
569;367;-0.20099999999999998
569;420;-0.32964
569;449;-0.039
569;462;-0.0104257
569;517;-0.1608
569;538;-0.15996000000000002
569;569;1.0
569;656;-0.0183
569;724;-0.15996000000000002
570;439;-0.06
570;570;1.0
571;571;1.0
572;14;-250.0
572;252;-22.0
572;293;-221090.0
572;301;-231.2
572;395;-30.0
572;476;-0.15
572;523;-0.16
572;572;1.0
572;615;-220.0
573;573;1.0
573;707;-0.06461538461538462
574;58;-0.17
574;292;-0.031
574;428;-0.6
574;435;-1.0
574;499;-0.0002
574;536;-0.091
574;574;1.0
575;109;-0.0138828142427247
575;118;-0.00281362942100529
575;288;-0.00179841080721048
575;575;1.0
575;738;-0.00828384435315468
576;576;1.0
577;244;-0.8080460758187912
577;577;1.0
578;576;-0.001467486536042478
578;578;1.0
579;255;-0.06696
579;579;1.0
580;580;1.0
581;581;1.0
581;670;-0.57
582;582;1.0
583;109;-0.00196238011012133
583;583;1.0
584;576;-0.001287976710850761
584;584;1.0
585;585;1.0
586;68;-0.225
586;293;-42840.0
586;586;1.0
587;587;1.0
587;710;-4400000.0
588;68;-0.000773
588;588;1.0
589;589;1.0
590;590;1.0
591;397;-0.46
591;591;1.0
592;592;1.0
593;439;-0.2
593;593;1.0
594;11;-0.007565844
594;324;-0.0003893
594;594;1.0
595;109;-0.0134747041131238
595;288;-0.00215716032667506
595;595;1.0
595;738;-0.00256785793715849
596;596;1.0
597;597;1.0
598;598;1.0
599;582;-0.35
599;599;1.0
600;344;-0.00096
600;600;1.0
601;15;-1e-07
601;60;-9.959999999999999e-07
601;62;-3.03e-08
601;89;-1.2e-07
601;249;-3e-08
601;269;-2.6263999999999998e-05
601;447;-4.44e-05
601;525;-2.981e-05
601;576;-9.518493843389662e-05
601;601;1.0
602;30;-1.0
602;58;-0.25
602;425;-0.12
602;536;-0.91
602;602;1.0
603;251;-0.087
603;603;1.0
604;604;1.0
605;148;-0.048
605;605;1.0
606;606;1.0
607;607;1.0
608;608;1.0
609;609;1.0
609;670;-0.43
610;610;1.0
611;611;1.0
612;612;1.0
613;613;1.0
614;109;-0.0202994118315156
614;118;-0.0148954208246597
614;288;-0.0108739088105711
614;614;1.0
614;738;-0.232543924271775
615;547;-0.09476
615;615;1.0
616;35;-7.4e-10
616;55;-7.4e-10
616;58;-1.3e-10
616;159;-2.6e-10
616;292;-2.3e-11
616;336;-7.4e-10
616;428;-7.4e-10
616;435;-7.4e-10
616;536;-6.7e-11
616;550;-3.5e-10
616;600;-7.4e-10
616;603;-3.8e-10
616;605;-3.1e-11
616;616;1.0
616;753;-2.2e-10
617;577;-0.87
617;617;1.0
618;490;-1.00057
618;618;1.0
619;619;1.0
620;483;-0.16
620;495;-0.16
620;620;1.0
621;109;-0.00132292400172338
621;621;1.0
622;622;1.0
623;623;1.0
624;288;-0.00199953466502585
624;624;1.0
624;738;-0.00259178733538646
625;293;-9000.0
625;625;1.0
626;287;-1.09529e-07
626;325;-5.753670340606917e-11
626;626;1.0
627;627;1.0
628;439;-4.78e-07
628;628;1.0
629;298;-7.439999999999999e-05
629;629;1.0
630;576;-0.0001154458628583063
630;630;1.0
631;397;-0.27
631;631;1.0
632;600;-0.75
632;632;1.0
633;633;1.0
633;746;-3.217910447761195
634;634;1.0
635;635;1.0
636;287;-1.09529e-07
636;636;1.0
637;213;-0.013764
637;637;1.0
637;724;-0.004259400000000001
638;638;1.0
639;309;-4.56
639;618;-2.371
639;639;1.0
640;640;1.0
640;760;0.11
641;641;1.0
642;439;-0.0012
642;642;1.0
643;439;-0.9
643;643;1.0
644;644;1.0
644;662;-0.01
645;580;-3.0
645;645;1.0
646;109;-0.275730214195585
646;118;-0.00119437116204934
646;288;-0.001458967130662
646;646;1.0
646;738;-0.00998966547630934
647;109;-0.140190631497949
647;118;-0.0302728319937203
647;288;-0.127348569325936
647;647;1.0
647;662;-0.25
647;738;-0.0664765144770114
648;109;-0.00135157812041046
648;439;-0.0148
648;648;1.0
649;206;-2.65
649;339;-47.7
649;571;-7.95
649;649;1.0
650;650;1.0
650;710;4400000.0
651;651;1.0
652;652;1.0
653;653;1.0
653;753;-0.7
654;324;-0.97946
654;654;1.0
655;252;-220.0
655;582;-1.59
655;655;1.0
655;746;-8.333333333333334
656;656;1.0
657;344;-0.048
657;657;1.0
658;658;1.0
659;14;-1000.0
659;18;-0.091324
659;301;-400.0
659;615;-1320.0
659;659;1.0
660;68;-3.47
660;219;-3.0
660;301;-1000.0
660;397;-1.88
660;483;-4.0
660;495;-4.0
660;523;-0.0004
660;526;-4.0
660;577;-2.88
660;660;1.0
660;707;-3.0
661;249;-1e-05
661;661;1.0
662;61;-0.015
662;244;-0.05611431082074939
662;662;1.0
663;663;1.0
663;668;1.0088
664;664;1.0
665;298;-9.892033725970944e-10
665;325;-1.3045108429904572e-09
665;665;1.0
666;666;1.0
667;667;1.0
667;751;-2.11358574610245e-05
668;668;1.0
669;293;-100.0
669;669;1.0
670;483;-0.39
670;495;-0.39
670;670;1.0
671;671;1.0
672;439;-200.0
672;672;1.0
673;673;1.0
674;674;1.0
675;675;1.0
676;109;-0.00281709975384097
676;118;-0.00127678507655295
676;288;-0.00375831909354023
676;676;1.0
676;738;-0.016295430427857
677;677;1.0
678;678;1.0
678;710;-270000.0
679;10;-5.5
679;68;-12.5
679;109;-0.00654774431206111
679;153;-5.5
679;188;-1.5
679;288;-0.0110946937723843
679;483;-100.0
679;495;-100.0
679;523;-0.0014
679;662;-15.73
679;679;1.0
679;738;-0.0137777054589322
680;680;1.0
681;681;1.0
682;682;1.0
682;704;-125.0
683;11;-0.0018914896000000003
683;269;-0.02830348
683;683;1.0
684;55;-1.0
684;684;1.0
685;188;-46.0
685;662;-1.8
685;685;1.0
686;439;-0.3
686;686;1.0
687;687;1.0
688;688;1.0
688;704;-818.0
689;689;1.0
690;690;1.0
690;746;-0.4833333333333334
691;691;1.0
692;692;1.0
693;693;1.0
694;298;0.003
694;694;1.0
695;68;-0.00862
695;695;1.0
696;696;1.0
697;582;-0.159
697;668;-0.22825
697;697;1.0
698;698;1.0
699;699;1.0
700;700;1.0
701;109;-0.159044205699579
701;118;-0.0835326700161126
701;288;-0.0614750997712508
701;701;1.0
701;738;-1.25914867784907
702;213;-0.09552216000000001
702;255;-0.05970600000000001
702;538;-0.11309544
702;702;1.0
702;724;-0.09528408000000001
703;703;1.0
703;710;-2000.0
704;287;-1.09529e-07
704;704;1.0
705;576;-0.002749279911637121
705;705;1.0
706;397;-0.49
706;706;1.0
707;707;1.0
708;576;-0.002866503294966477
708;708;1.0
709;709;1.0
710;12;-4.22e-06
710;379;-4.227972264501945e-09
710;710;1.0
711;109;-0.677701920929581
711;118;-0.00370502184441226
711;288;-0.00340080575468063
711;711;1.0
711;738;-0.0280487294968274
712;18;-1.6438
712;712;1.0
713;626;-1418.0
713;713;1.0
714;397;0.05
714;714;1.0
715;109;-0.00120326516269508
715;715;1.0
716;716;1.0
717;109;-0.0011229332118067
717;288;-0.00237737514445909
717;717;1.0
717;738;-0.00290175254453052
718;582;-0.03
718;668;-0.03
718;718;1.0
719;324;-2.244e-10
719;719;1.0
720;141;-0.34
720;527;-0.55
720;720;1.0
721;109;-0.00141700848828484
721;721;1.0
722;525;-0.0142
722;722;1.0
723;723;1.0
724;612;-1.00057
724;724;1.0
725;9;-1.0
725;13;-1.0
725;27;-1.0
725;121;-1.0
725;159;-0.65
725;207;-1.0
725;550;-0.5
725;573;-1.0
725;725;1.0
725;753;-0.7
726;726;1.0
727;159;-0.03
727;727;1.0
727;753;-0.03
728;728;1.0
729;367;-0.13935999999999998
729;729;1.0
730;109;-0.00607286630499613
730;730;1.0
731;731;1.0
732;732;1.0
733;439;-0.0012
733;733;1.0
734;109;-0.00277743618252939
734;288;-0.00153491628692993
734;734;1.0
734;738;-0.00195612901423388
735;288;-0.000494415776941585
735;735;1.0
735;738;-0.000640342885946522
736;287;-1.09529e-07
736;736;1.0
737;737;1.0
738;738;1.0
739;582;-0.744
739;739;1.0
740;582;7.26296827957754e-05
740;740;1.0
741;741;1.0
742;742;1.0
743;68;-0.000773
743;743;1.0
744;188;-0.032
744;744;1.0
745;68;-3.33e-07
745;745;1.0
746;70;-8.189734418612424e-06
746;746;1.0
747;293;-10.0
747;747;1.0
748;748;1.0
749;548;-52.5
749;736;-120.0
749;749;1.0
750;750;1.0
751;639;-1.0
751;751;1.0
752;301;-3600.0
752;752;1.0
753;148;-0.48
753;753;1.0
754;754;1.0
755;755;1.0
756;576;-0.0005055214295259308
756;756;1.0
757;757;1.0
758;439;-0.0006
758;758;1.0
759;229;-0.029
759;425;-0.044
759;499;-0.0019
759;550;-0.08
759;603;-0.13
759;605;-0.042
759;759;1.0
760;141;-0.34
760;527;-0.57
760;760;1.0
761;761;1.0
762;626;-9000.0
762;762;1.0
763;439;-0.009
763;763;1.0
764;764;1.0
