time (s);1.1;1.2;1.3;2.1;2.2;3.1;3.2
1;0;0;0;0;0;0;0
2;0;0;0;0;0;0;0
3;0;0;0;0;0;0;0
4;0;0;0;0;0;0;0
5;0;0;0;0;0;0;0
6;0;0;0;0;0;0;0
7;0;0;0;0;0;0;0
8;0;0;0;0;0;0;0
9;0;0;0;0;0;0;0
10;0;0;0;0;0;0;0
11;0;0;0;0;0;0;0
12;0;0;0;0;0;0;0
13;0;0;0;0;0;0;0
14;0;0;0;0;0;0;0
15;0;0;0;0;0;0;0
16;0;0;0;0;0;0;0
17;0;0;0;0;0;0;0
18;0;0;0;0;0;0;0
19;0;0;0;0;0;0;0
20;0;0;0;0;0;0;0
21;0;0;0;0;0;0;0
22;1;1;1;1;1;1;1
23;2.6;2.6;2.6;2.6;2.6;2.6;2.6
24;4.8;4.8;4.8;4.8;4.8;4.8;4.8
25;7.2;7.2;7.2;7.2;7.2;7.2;7.2
26;9.6;9.6;9.6;9.6;9.6;9.6;9.6
27;12;12;12;12;12;12;12
28;14.3;14.3;14.3;14.3;14.3;14.3;14.3
29;16.6;16.6;16.6;16.6;16.6;16.6;16.6
30;18.9;18.9;18.9;18.9;18.9;18.9;18.9
31;21.2;21.2;21.2;21.2;21.2;21.2;21.2
32;23.5;23.5;23.5;23.5;23.5;23.5;23.5
33;25.6;25.6;25.6;25.6;25.6;25.6;25.6
34;27.1;27.1;27.1;27.1;27.1;27.1;27.1
35;28;28;28;28;28;28;28
36;28.7;28.7;28.7;28.7;28.7;28.7;28.7
37;29.2;29.2;29.2;29.2;29.2;29.2;29.2
38;29.8;29.8;29.8;29.8;29.8;29.8;29.8
39;30.3;30.3;30.4;30.4;30.4;30.4;30.4
40;29.6;29.6;29.6;29.6;29.6;29.6;29.6
41;28.7;28.7;28.7;28.7;28.7;28.7;28.7
42;27.9;27.9;27.9;27.9;27.9;27.9;27.9
43;27.4;27.4;27.5;27.5;27.5;27.5;27.5
44;27.3;27.3;27.3;27.3;27.3;27.3;27.3
45;27.3;27.3;27.4;27.4;27.4;27.4;27.4
46;27.4;27.4;27.5;27.5;27.5;27.5;27.5
47;27.5;27.5;27.6;27.6;27.6;27.6;27.6
48;27.6;27.6;27.6;27.6;27.6;27.6;27.6
49;27.6;27.6;27.6;27.6;27.6;27.6;27.6
50;27.6;27.6;27.7;27.7;27.7;27.7;27.7
51;27.8;27.8;27.8;27.8;27.8;27.8;27.8
52;28.1;28.1;28.1;28.1;28.1;28.1;28.1
53;28.5;28.5;28.6;28.6;28.6;28.6;28.6
54;28.9;28.9;29;29;29;29;29
55;29.2;29.2;29.2;29.2;29.2;29.2;29.2
56;29.4;29.4;29.5;29.5;29.5;29.5;29.5
57;29.7;29.7;29.7;29.7;29.7;29.7;29.7
58;30;30;30.1;30.1;30.1;30.1;30.1
59;30.5;30.5;30.5;30.5;30.5;30.5;30.5
60;30.6;30.6;30.7;30.7;30.7;30.7;30.7
61;29.6;29.6;29.7;29.7;29.7;29.7;29.7
62;26.9;26.9;27;27;27;27;27
63;23;23;23;23;23;23;23
64;18.6;18.6;18.7;18.7;18.7;18.7;18.7
65;14.1;14.1;14.2;14.2;14.2;14.2;14.2
66;9.3;9.3;9.4;9.4;9.4;9.4;9.4
67;4.8;4.8;4.9;4.9;4.9;4.9;4.9
68;1.9;1.9;2;2;2;2;2
69;0;0;0;0;0;0;0
70;0;0;0;0;0;0;0
71;0;0;0;0;0;0;0
72;0;0;0;0;0;0;0
73;0;0;0;0;0;0;0
74;1.7;1.7;1.7;1.7;1.7;1.7;1.7
75;5.8;5.8;5.8;5.8;5.8;5.8;5.8
76;11.8;11.8;11.8;11.8;11.8;11.8;11.8
77;17.3;17.3;18.3;18.3;18.3;18.3;18.3
78;22;22;24.5;24.5;24.5;24.5;24.5
79;26.2;26.2;29.4;29.4;29.4;29.4;29.4
80;29.4;29.4;32.5;32.5;32.5;32.5;32.5
81;31.1;31.1;34.2;34.2;34.2;34.2;34.2
82;32.9;32.9;34.4;34.4;34.4;34.4;34.4
83;34.7;34.7;34.5;34.5;34.5;34.5;34.5
84;34.8;34.8;34.6;34.6;34.6;34.6;34.6
85;34.8;34.8;34.7;34.7;34.7;34.7;34.7
86;34.9;34.9;34.8;34.8;34.8;34.8;34.8
87;35.4;35.4;35.2;35.2;35.2;35.2;35.2
88;36.2;36.2;36;36;36;36;36
89;37.1;37.1;37;37;37;37;37
90;38;38;37.9;37.9;37.9;37.9;37.9
91;38.7;38.7;38.6;38.6;38.6;38.6;38.6
92;38.9;38.9;38.8;38.8;38.8;38.8;38.8
93;38.9;38.9;38.8;38.8;38.8;38.8;38.8
94;38.8;38.8;38.7;38.7;38.7;38.7;38.7
95;38.5;38.5;38.5;38.5;38.5;38.5;38.5
96;38.1;38.1;38;38;38;38;38
97;37.5;37.5;37.4;37.4;37.4;37.4;37.4
98;37;37;36.9;36.9;36.9;36.9;36.9
99;36.7;36.7;36.6;36.6;36.6;36.6;36.6
100;36.5;36.5;36.4;36.4;36.4;36.4;36.4
101;36.5;36.5;36.4;36.4;36.4;36.4;36.4
102;36.6;36.6;36.5;36.5;36.5;36.5;36.5
103;36.8;36.8;36.7;36.7;36.7;36.7;36.7
104;37;37;36.9;36.9;36.9;36.9;36.9
105;37.1;37.1;37;37;37;37;37
106;37.3;37.3;37.2;37.2;37.2;37.2;37.2
107;37.4;37.4;37.3;37.3;37.3;37.3;37.3
108;37.5;37.5;37.4;37.4;37.4;37.4;37.4
109;37.4;37.4;37.3;37.3;37.3;37.3;37.3
110;36.9;36.9;36.8;36.8;36.8;36.8;36.8
111;36;36;35.8;35.8;35.8;35.8;35.8
112;34.8;34.8;34.7;34.7;34.7;34.7;34.7
113;31.9;31.9;31.8;31.8;31.8;31.8;31.8
114;29;29;28.9;28.9;28.9;28.9;28.9
115;26.9;26.9;26.7;26.7;26.7;26.7;26.7
116;24.7;24.7;24.6;24.6;24.6;24.6;24.6
117;25.4;25.4;25.2;25.2;25.2;25.2;25.2
118;26.4;26.4;26.2;26.2;26.2;26.2;26.2
119;27.7;27.7;27.6;27.6;27.6;27.6;27.6
120;29.4;29.4;29.2;29.2;29.2;29.2;29.2
121;31.2;31.2;31;31;31;31;31
122;33;33;32.8;32.8;32.8;32.8;32.8
123;34.4;34.4;34.3;34.3;34.3;34.3;34.3
124;35.2;35.2;35.1;35.1;35.1;35.1;35.1
125;35.4;35.4;35.3;35.3;35.3;35.3;35.3
126;35.2;35.2;35.1;35.1;35.1;35.1;35.1
127;34.7;34.7;34.6;34.6;34.6;34.6;34.6
128;33.9;33.9;33.7;33.7;33.7;33.7;33.7
129;32.4;32.4;32.2;32.2;32.2;32.2;32.2
130;29.8;29.8;29.6;29.6;29.6;29.6;29.6
131;26.1;26.1;26;26;26;26;26
132;22.1;22.1;22;22;22;22;22
133;18.6;18.6;18.5;18.5;18.5;18.5;18.5
134;16.8;16.8;16.6;16.6;16.6;16.6;16.6
135;17.7;17.7;17.6;17.6;17.6;17.6;17.6
136;21.1;21.1;21;21;21;21;21
137;25.4;25.4;25.2;25.2;25.2;25.2;25.2
138;29.2;29.2;29.1;29.1;29.1;29.1;29.1
139;31.6;31.6;31.4;31.4;31.4;31.4;31.4
140;32.1;32.1;31.9;31.9;31.9;31.9;31.9
141;31.6;31.6;31.4;31.4;31.4;31.4;31.4
142;30.7;30.7;30.6;30.6;30.6;30.6;30.6
143;29.7;29.7;29.5;29.5;29.5;29.5;29.5
144;28.1;28.1;28;28;28;28;28
145;25;25;24.9;24.9;24.9;24.9;24.9
146;20.3;20.3;20.2;20.2;20.2;20.2;20.2
147;15;15;14.8;14.8;14.8;14.8;14.8
148;9.7;9.7;9.5;9.5;9.5;9.5;9.5
149;5;5;4.8;4.8;4.8;4.8;4.8
150;1.6;1.6;1.4;1.4;1.4;1.4;1.4
151;0;0;0;0;0;0;0
152;0;0;0;0;0;0;0
153;0;0;0;0;0;0;0
154;0;0;0;0;0;0;0
155;0;0;0;0;0;0;0
156;0;0;0;0;0;0;0
157;0;0;0;0;0;0;0
158;0;0;0;0;0;0;0
159;0;0;0;0;0;0;0
160;0;0;0;0;0;0;0
161;0;0;0;0;0;0;0
162;0;0;0;0;0;0;0
163;0;0;0;0;0;0;0
164;0;0;0;0;0;0;0
165;0;0;0;0;0;0;0
166;0;0;0;0;0;0;0
167;0;0;0;0;0;0;0
168;0;0;0;0;0;0;0
169;0;0;0;0;0;0;0
170;0;0;0;0;0;0;0
171;0;0;0;0;0;0;0
172;0;0;0;0;0;0;0
173;0;0;0;0;0;0;0
174;0;0;0;0;0;0;0
175;0;0;0;0;0;0;0
176;0;0;0;0;0;0;0
177;0;0;0;0;0;0;0
178;0;0;0;0;0;0;0
179;0;0;0;0;0;0;0
180;0;0;0;0;0;0;0
181;0;0;0;0;0;0;0
182;0;0;0;0;0;0;0
183;0;0;2;2;2;2;2
184;0;0;6;6;6;6;6
185;0.4;0.4;12.4;12.4;12.4;12.4;12.4
186;1.8;1.8;21.4;21.4;21.4;21.4;21.4
187;5.4;5.4;30;30;30;30;30
188;11.1;11.1;37.1;37.1;37.1;37.1;37.1
189;16.7;16.7;42.5;42.5;42.5;42.5;42.5
190;21.3;21.3;46.6;46.6;46.6;46.6;46.6
191;24.8;24.8;49.8;49.8;49.8;49.8;49.8
192;28.4;28.4;52.4;52.4;52.4;52.4;52.4
193;31.8;31.8;54.4;54.4;54.4;54.4;54.4
194;34.6;34.6;55.6;55.6;55.6;55.6;55.6
195;36.3;36.3;56.1;56.1;56.1;56.1;56.1
196;37.8;37.8;56.2;56.2;56.2;56.2;56.2
197;39.6;39.6;56.2;56.2;56.2;56.2;56.2
198;41.3;41.3;56.2;56.2;56.2;56.2;56.2
199;43.3;43.3;56.7;56.7;56.7;56.7;56.7
200;45.1;45.1;57.2;57.2;57.2;57.2;57.2
201;47.5;47.5;57.7;57.7;57.7;57.7;57.7
202;49;49;58.2;58.2;58.2;58.2;58.2
203;50;50;58.7;58.7;58.7;58.7;58.7
204;49.5;49.5;59.3;59.3;59.3;59.3;59.3
205;48.8;48.8;59.8;59.8;59.8;59.8;59.8
206;47.6;47.6;60;60;60;60;60
207;46.5;46.5;60;60;60;60;60
208;46.1;46.1;59.9;59.9;59.9;59.9;59.9
209;46.1;46.1;59.9;59.9;59.9;59.9;59.9
210;46.6;46.6;59.9;59.9;59.9;59.9;59.9
211;46.9;46.9;59.9;59.9;59.9;59.9;59.9
212;47.2;47.2;59.9;59.9;59.9;59.9;59.9
213;47.8;47.8;59.8;59.8;59.8;59.8;59.8
214;48.4;48.4;59.6;59.6;59.6;59.6;59.6
215;48.9;48.9;59.1;59.1;59.1;59.1;59.1
216;49.2;49.2;57.1;57.1;57.1;57.1;57.1
217;49.6;49.6;53.2;53.2;53.2;53.2;53.2
218;49.9;49.9;48.3;48.3;48.3;48.3;48.3
219;50;50;43.9;43.9;43.9;43.9;43.9
220;49.8;49.8;40.3;40.3;40.3;40.3;40.3
221;49.5;49.5;39.5;39.5;39.5;39.5;39.5
222;49.2;49.2;41.3;41.3;41.3;41.3;41.3
223;49.3;49.3;45.2;45.2;45.2;45.2;45.2
224;49.4;49.4;50.1;50.1;50.1;50.1;50.1
225;49.4;49.4;53.7;53.7;53.7;53.7;53.7
226;48.6;48.6;55.8;55.8;55.8;55.8;55.8
227;47.8;47.8;55.8;55.8;55.8;55.8;55.8
228;47;47;54.7;54.7;54.7;54.7;54.7
229;46.9;46.9;53.3;53.3;53.3;53.3;53.3
230;46.6;46.6;52.3;52.3;52.3;52.3;52.3
231;46.6;46.6;52;52;52;52;52
232;46.6;46.6;52.1;52.1;52.1;52.1;52.1
233;46.9;46.9;51.8;51.8;51.8;51.8;51.8
234;46.4;46.4;50.8;50.8;50.8;50.8;50.8
235;45.6;45.6;49.2;49.2;49.2;49.2;49.2
236;44.4;44.4;47.5;47.5;47.5;47.5;47.5
237;43.5;43.5;45.7;45.7;45.7;45.7;45.7
238;43.2;43.2;43.9;43.9;43.9;43.9;43.9
239;43.3;43.3;42;42;42;42;42
240;43.7;43.7;40.2;40.2;40.2;40.2;40.2
241;43.9;43.9;38.3;38.3;38.3;38.3;38.3
242;43.8;43.8;36.4;36.4;36.4;36.4;36.4
243;43;43;34.6;34.6;34.6;34.6;34.6
244;40.9;40.9;32.7;32.7;32.7;32.7;32.7
245;36.9;36.9;30.6;30.6;30.6;30.6;30.6
246;32.1;32.1;28.1;28.1;28.1;28.1;28.1
247;26.6;26.6;25.5;25.5;25.5;25.5;25.5
248;21.8;21.8;23.1;23.1;23.1;23.1;23.1
249;17.2;17.2;21.2;21.2;21.2;21.2;21.2
250;13.7;13.7;19.5;19.5;19.5;19.5;19.5
251;10.3;10.3;17.8;17.8;17.8;17.8;17.8
252;7;7;15.3;15.3;15.3;15.3;15.3
253;3.5;3.5;11.5;11.5;11.5;11.5;11.5
254;0;0;7.2;7.2;7.2;7.2;7.2
255;0;0;2.5;2.5;2.5;2.5;2.5
256;0;0;0;0;0;0;0
257;0;0;0;0;0;0;0
258;0;0;0;0;0;0;0
259;0;0;0;0;0;0;0
260;0;0;0;0;0;0;0
261;0;0;0;0;0;0;0
262;0;0;0;0;0;0;0
263;0;0;0;0;0;0;0
264;0;0;0;0;0;0;0
265;0;0;0;0;0;0;0
266;0;0;0;0;0;0;0
267;0.5;0.5;0.5;0.5;0.5;0.5;0.5
268;2.9;2.9;2.9;2.9;2.9;2.9;2.9
269;8.2;8.2;8.2;8.2;8.2;8.2;8.2
270;13.2;13.2;13.2;13.2;13.2;13.2;13.2
271;17.8;17.8;17.8;17.8;17.8;17.8;17.8
272;21.4;21.4;21.4;21.4;21.4;21.4;21.4
273;24.1;24.1;24.1;24.1;24.1;24.1;24.1
274;26.4;26.4;26.4;26.4;26.4;26.4;26.4
275;28.4;28.4;28.4;28.4;28.4;28.4;28.4
276;29.9;29.9;29.9;29.9;29.9;29.9;29.9
277;30.5;30.5;30.5;30.5;30.5;30.5;30.5
278;30.5;30.5;30.5;30.5;30.5;30.5;30.5
279;30.3;30.3;30.3;30.3;30.3;30.3;30.3
280;30.2;30.2;30.2;30.2;30.2;30.2;30.2
281;30.1;30.1;30.1;30.1;30.1;30.1;30.1
282;30.1;30.1;30.1;30.1;30.1;30.1;30.1
283;30.1;30.1;30.1;30.1;30.1;30.1;30.1
284;30.2;30.2;30.1;30.1;30.1;30.1;30.1
285;30.2;30.2;30.1;30.1;30.1;30.1;30.1
286;30.2;30.2;30.1;30.1;30.1;30.1;30.1
287;30.2;30.2;30.2;30.2;30.2;30.2;30.2
288;30.5;30.5;30.4;30.4;30.4;30.4;30.4
289;31;31;31;31;31;31;31
290;31.9;31.9;31.8;31.8;31.8;31.8;31.8
291;32.8;32.8;32.7;32.7;32.7;32.7;32.7
292;33.7;33.7;33.6;33.6;33.6;33.6;33.6
293;34.5;34.5;34.4;34.4;34.4;34.4;34.4
294;35.1;35.1;35;35;35;35;35
295;35.5;35.5;35.4;35.4;35.4;35.4;35.4
296;35.6;35.6;35.5;35.5;35.5;35.5;35.5
297;35.4;35.4;35.3;35.3;35.3;35.3;35.3
298;35;35;34.9;34.9;34.9;34.9;34.9
299;34;34;33.9;33.9;33.9;33.9;33.9
300;32.4;32.4;32.4;32.4;32.4;32.4;32.4
301;30.6;30.6;30.6;30.6;30.6;30.6;30.6
302;29;29;28.9;28.9;28.9;28.9;28.9
303;27.8;27.8;27.8;27.8;27.8;27.8;27.8
304;27.2;27.2;27.2;27.2;27.2;27.2;27.2
305;26.9;26.9;26.9;26.9;26.9;26.9;26.9
306;26.5;26.5;26.5;26.5;26.5;26.5;26.5
307;26.1;26.1;26.1;26.1;26.1;26.1;26.1
308;25.7;25.7;25.7;25.7;25.7;25.7;25.7
309;25.5;25.5;25.5;25.5;25.5;25.5;25.5
310;25.7;25.7;25.7;25.7;25.7;25.7;25.7
311;26.4;26.4;26.4;26.4;26.4;26.4;26.4
312;27.3;27.3;27.3;27.3;27.3;27.3;27.3
313;28.1;28.1;28.1;28.1;28.1;28.1;28.1
314;27.9;27.9;27.9;27.9;27.9;27.9;27.9
315;26;26;26;26;26;26;26
316;22.7;22.7;22.7;22.7;22.7;22.7;22.7
317;19;19;19;19;19;19;19
318;16;16;16;16;16;16;16
319;14.6;14.6;14.6;14.6;14.6;14.6;14.6
320;15.2;15.2;15.2;15.2;15.2;15.2;15.2
321;16.9;16.9;16.9;16.9;16.9;16.9;16.9
322;19.3;19.3;19.3;19.3;19.3;19.3;19.3
323;22;22;22;22;22;22;22
324;24.6;24.6;24.6;24.6;24.6;24.6;24.6
325;26.8;26.8;26.8;26.8;26.8;26.8;26.8
326;27.9;27.9;27.9;27.9;27.9;27.9;27.9
327;28;28;28.1;28.1;28.1;28.1;28.1
328;27.7;27.7;27.7;27.7;27.7;27.7;27.7
329;27.1;27.1;27.2;27.2;27.2;27.2;27.2
330;26.8;26.8;26.8;26.8;26.8;26.8;26.8
331;26.6;26.6;26.6;26.6;26.6;26.6;26.6
332;26.8;26.8;26.8;26.8;26.8;26.8;26.8
333;27;27;27;27;27;27;27
334;27.2;27.2;27.2;27.2;27.2;27.2;27.2
335;27.4;27.4;27.4;27.4;27.4;27.4;27.4
336;27.5;27.5;27.6;27.6;27.6;27.6;27.6
337;27.7;27.7;27.7;27.7;27.7;27.7;27.7
338;27.9;27.9;27.9;27.9;27.9;27.9;27.9
339;28.1;28.1;28.1;28.1;28.1;28.1;28.1
340;28.3;28.3;28.3;28.3;28.3;28.3;28.3
341;28.6;28.6;28.6;28.6;28.6;28.6;28.6
342;29.1;29.1;29;29;29;29;29
343;29.6;29.6;29.6;29.6;29.6;29.6;29.6
344;30.1;30.1;30.1;30.1;30.1;30.1;30.1
345;30.6;30.6;30.5;30.5;30.5;30.5;30.5
346;30.8;30.8;30.7;30.7;30.7;30.7;30.7
347;30.8;30.8;30.8;30.8;30.8;30.8;30.8
348;30.8;30.8;30.8;30.8;30.8;30.8;30.8
349;30.8;30.8;30.8;30.8;30.8;30.8;30.8
350;30.8;30.8;30.8;30.8;30.8;30.8;30.8
351;30.8;30.8;30.8;30.8;30.8;30.8;30.8
352;30.8;30.8;30.8;30.8;30.8;30.8;30.8
353;30.8;30.8;30.8;30.8;30.8;30.8;30.8
354;30.9;30.9;30.9;30.9;30.9;30.9;30.9
355;30.9;30.9;30.9;30.9;30.9;30.9;30.9
356;30.9;30.9;30.9;30.9;30.9;30.9;30.9
357;30.8;30.8;30.8;30.8;30.8;30.8;30.8
358;30.4;30.4;30.4;30.4;30.4;30.4;30.4
359;29.6;29.6;29.6;29.6;29.6;29.6;29.6
360;28.4;28.4;28.4;28.4;28.4;28.4;28.4
361;27.1;27.1;27.1;27.1;27.1;27.1;27.1
362;26;26;26;26;26;26;26
363;25.4;25.4;25.4;25.4;25.4;25.4;25.4
364;25.5;25.5;25.5;25.5;25.5;25.5;25.5
365;26.3;26.3;26.3;26.3;26.3;26.3;26.3
366;27.3;27.3;27.3;27.3;27.3;27.3;27.3
367;28.3;28.3;28.4;28.4;28.4;28.4;28.4
368;29.2;29.2;29.2;29.2;29.2;29.2;29.2
369;29.5;29.5;29.5;29.5;29.5;29.5;29.5
370;29.4;29.4;29.5;29.5;29.5;29.5;29.5
371;28.9;28.9;29;29;29;29;29
372;28.1;28.1;28.1;28.1;28.1;28.1;28.1
373;27.1;27.1;27.2;27.2;27.2;27.2;27.2
374;26.3;26.3;26.3;26.3;26.3;26.3;26.3
375;25.7;25.7;25.7;25.7;25.7;25.7;25.7
376;25.5;25.5;25.5;25.5;25.5;25.5;25.5
377;25.6;25.6;25.6;25.6;25.6;25.6;25.6
378;25.9;25.9;26;26;26;26;26
379;26.3;26.3;26.4;26.4;26.4;26.4;26.4
380;26.9;26.9;27;27;27;27;27
381;27.6;27.6;27.7;27.7;27.7;27.7;27.7
382;28.4;28.4;28.5;28.5;28.5;28.5;28.5
383;29.3;29.3;29.4;29.4;29.4;29.4;29.4
384;30.1;30.1;30.2;30.2;30.2;30.2;30.2
385;30.4;30.4;30.5;30.5;30.5;30.5;30.5
386;30.2;30.2;30.3;30.3;30.3;30.3;30.3
387;29.5;29.5;29.5;29.5;29.5;29.5;29.5
388;28.6;28.6;28.7;28.7;28.7;28.7;28.7
389;27.9;27.9;27.9;27.9;27.9;27.9;27.9
390;27.5;27.5;27.5;27.5;27.5;27.5;27.5
391;27.2;27.2;27.3;27.3;27.3;27.3;27.3
392;26.9;26.9;27;27;27;27;27
393;26.4;26.4;26.5;26.5;26.5;26.5;26.5
394;25.7;25.7;25.8;25.8;25.8;25.8;25.8
395;24.9;24.9;25;25;25;25;25
396;21.4;21.4;21.5;21.5;21.5;21.5;21.5
397;15.9;15.9;16;16;16;16;16
398;9.9;9.9;10;10;10;10;10
399;4.9;4.9;5;5;5;5;5
400;2.1;2.1;2.2;2.2;2.2;2.2;2.2
401;0.9;0.9;1;1;1;1;1
402;0;0;0;0;0;0;0
403;0;0;0;0;0;0;0
404;0;0;0;0;0;0;0
405;0;0;0;0;0;0;0
406;0;0;0;0;0;0;0
407;0;0;0;0;0;0;0
408;1.2;1.2;1.2;1.2;1.2;1.2;1.2
409;3.2;3.2;3.2;3.2;3.2;3.2;3.2
410;5.9;5.9;5.9;5.9;5.9;5.9;5.9
411;8.8;8.8;8.8;8.8;8.8;8.8;8.8
412;12;12;12;12;12;12;12
413;15.4;15.4;15.4;15.4;15.4;15.4;15.4
414;18.9;18.9;18.9;18.9;18.9;18.9;18.9
415;22.1;22.1;22.1;22.1;22.1;22.1;22.1
416;24.7;24.7;24.8;24.8;24.8;24.8;24.8
417;26.8;26.8;26.8;26.8;26.8;26.8;26.8
418;28.7;28.7;28.7;28.7;28.7;28.7;28.7
419;30.6;30.6;30.6;30.6;30.6;30.6;30.6
420;32.4;32.4;32.4;32.4;32.4;32.4;32.4
421;34;34;34;34;34;34;34
422;35.4;35.4;35.4;35.4;35.4;35.4;35.4
423;36.5;36.5;36.5;36.5;36.5;36.5;36.5
424;37.5;37.5;37.5;37.5;37.5;37.5;37.5
425;38.6;38.6;38.6;38.6;38.6;38.6;38.6
426;39.6;39.6;39.7;39.7;39.7;39.7;39.7
427;40.7;40.7;40.7;40.7;40.7;40.7;40.7
428;41.4;41.4;41.5;41.5;41.5;41.5;41.5
429;41.7;41.7;41.7;41.7;41.7;41.7;41.7
430;41.4;41.4;41.5;41.5;41.5;41.5;41.5
431;40.9;40.9;41;41;41;41;41
432;40.5;40.5;40.6;40.6;40.6;40.6;40.6
433;40.2;40.2;40.3;40.3;40.3;40.3;40.3
434;40.1;40.1;40.2;40.2;40.2;40.2;40.2
435;40.1;40.1;40.1;40.1;40.1;40.1;40.1
436;39.8;39.8;39.8;39.8;39.8;39.8;39.8
437;38.9;38.9;38.9;38.9;38.9;38.9;38.9
438;37.4;37.4;37.5;37.5;37.5;37.5;37.5
439;35.8;35.8;35.8;35.8;35.8;35.8;35.8
440;34.1;34.1;34.2;34.2;34.2;34.2;34.2
441;32.5;32.5;32.5;32.5;32.5;32.5;32.5
442;30.9;30.9;30.9;30.9;30.9;30.9;30.9
443;29.4;29.4;29.4;29.4;29.4;29.4;29.4
444;27.9;27.9;28;28;28;28;28
445;26.5;26.5;26.5;26.5;26.5;26.5;26.5
446;25;25;25;25;25;25;25
447;23.4;23.4;23.5;23.5;23.5;23.5;23.5
448;21.8;21.8;21.9;21.9;21.9;21.9;21.9
449;20.3;20.3;20.4;20.4;20.4;20.4;20.4
450;19.3;19.3;19.4;19.4;19.4;19.4;19.4
451;18.7;18.7;18.8;18.8;18.8;18.8;18.8
452;18.3;18.3;18.4;18.4;18.4;18.4;18.4
453;17.8;17.8;18;18;18;18;18
454;17.4;17.4;17.5;17.5;17.5;17.5;17.5
455;16.8;16.8;16.9;16.9;16.9;16.9;16.9
456;16.3;16.3;16.4;16.4;16.4;16.4;16.4
457;16.5;16.5;16.6;16.6;16.6;16.6;16.6
458;17.6;17.6;17.7;17.7;17.7;17.7;17.7
459;19.2;19.2;19.4;19.4;19.4;19.4;19.4
460;20.8;20.8;20.9;20.9;20.9;20.9;20.9
461;22.2;22.2;22.3;22.3;22.3;22.3;22.3
462;23;23;23.2;23.2;23.2;23.2;23.2
463;23;23;23.2;23.2;23.2;23.2;23.2
464;22;22;22.2;22.2;22.2;22.2;22.2
465;20.1;20.1;20.3;20.3;20.3;20.3;20.3
466;17.7;17.7;17.9;17.9;17.9;17.9;17.9
467;15;15;15.2;15.2;15.2;15.2;15.2
468;12.1;12.1;12.3;12.3;12.3;12.3;12.3
469;9.1;9.1;9.3;9.3;9.3;9.3;9.3
470;6.2;6.2;6.4;6.4;6.4;6.4;6.4
471;3.6;3.6;3.8;3.8;3.8;3.8;3.8
472;1.8;1.8;2;2;2;2;2
473;0.8;0.8;0.9;0.9;0.9;0.9;0.9
474;0;0;0;0;0;0;0
475;0;0;0;0;0;0;0
476;0;0;0;0;0;0;0
477;0;0;0;0;0;0;0
478;0;0;0;0;0;0;0
479;0;0;0;0;0;0;0
480;0;0;0;0;0;0;0
481;0;0;0;0;0;0;0
482;0;0;0;0;0;0;0
483;0;0;0;0;0;0;0
484;0;0;0;0;0;0;0
485;0;0;0;0;0;0;0
486;1.4;1.4;1.4;1.4;1.4;1.4;1.4
487;4.5;4.5;4.5;4.5;4.5;4.5;4.5
488;8.8;8.8;8.8;8.8;8.8;8.8;8.8
489;13.4;13.4;13.4;13.4;13.4;13.4;13.4
490;17.3;17.3;17.3;17.3;17.3;17.3;17.3
491;19.2;19.2;19.2;19.2;19.2;19.2;19.2
492;19.7;19.7;19.7;19.7;19.7;19.7;19.7
493;19.8;19.8;19.8;19.8;19.8;19.8;19.8
494;20.7;20.7;20.7;20.7;20.7;20.7;20.7
495;23.7;23.7;23.6;23.6;23.6;23.6;23.6
496;27.9;27.9;28.1;28.1;28.1;28.1;28.1
497;31.9;31.9;32.8;32.8;32.8;32.8;32.8
498;35.4;35.4;36.3;36.3;36.3;36.3;36.3
499;36.2;36.2;37.1;37.1;37.1;37.1;37.1
500;34.2;34.2;35.1;35.1;35.1;35.1;35.1
501;30.2;30.2;31.1;31.1;31.1;31.1;31.1
502;27.1;27.1;28;28;28;28;28
503;26.6;26.6;27.5;27.5;27.5;27.5;27.5
504;28.6;28.6;29.5;29.5;29.5;29.5;29.5
505;32.6;32.6;34;34;34;34;34
506;35.5;35.5;37;37;37;37;37
507;36.6;36.6;38;38;38;38;38
508;34.6;34.6;36.1;36.1;36.1;36.1;36.1
509;30;30;31.5;31.5;31.5;31.5;31.5
510;23.1;23.1;24.5;24.5;24.5;24.5;24.5
511;16.7;16.7;17.5;17.5;17.5;17.5;17.5
512;10.7;10.7;10.5;10.5;10.5;10.5;10.5
513;4.7;4.7;4.5;4.5;4.5;4.5;4.5
514;1.2;1.2;1;1;1;1;1
515;0;0;0;0;0;0;0
516;0;0;0;0;0;0;0
517;0;0;0;0;0;0;0
518;0;0;0;0;0;0;0
519;3;3;2.9;2.9;2.9;2.9;2.9
520;8.2;8.2;8;8;8;8;8
521;14.3;14.3;16;16;16;16;16
522;19.3;19.3;24;24;24;24;24
523;23.5;23.5;32;32;32;32;32
524;27.3;27.3;38.8;38.8;38.8;38.8;38.8
525;30.8;30.8;43.1;43.1;43.1;43.1;43.1
526;33.7;33.7;46;46;46;46;46
527;35.2;35.2;47.5;47.5;47.5;47.5;47.5
528;35.2;35.2;47.5;47.5;47.5;47.5;47.5
529;32.5;32.5;44.8;44.8;44.8;44.8;44.8
530;27.9;27.9;40.1;40.1;40.1;40.1;40.1
531;23.2;23.2;33.8;33.8;33.8;33.8;33.8
532;18.5;18.5;27.2;27.2;27.2;27.2;27.2
533;13.8;13.8;20;20;20;20;20
534;9.1;9.1;12.8;12.8;12.8;12.8;12.8
535;4.5;4.5;7;7;7;7;7
536;2.3;2.3;2.2;2.2;2.2;2.2;2.2
537;0;0;0;0;0;0;0
538;0;0;0;0;0;0;0
539;0;0;0;0;0;0;0
540;0;0;0;0;0;0;0
541;0;0;0;0;0;0;0
542;2.8;2.8;2.7;2.7;2.7;2.7;2.7
543;8.1;8.1;8;8;8;8;8
544;14.3;14.3;16;16;16;16;16
545;19.2;19.2;24;24;24;24;24
546;23.5;23.5;32;32;32;32;32
547;27.2;27.2;37.2;37.2;37.2;37.2;37.2
548;30.5;30.5;40.4;40.4;40.4;40.4;40.4
549;33.1;33.1;43.1;43.1;43.1;43.1;43.1
550;35.7;35.7;44.6;44.6;44.6;44.6;44.6
551;38.3;38.3;45.2;45.2;45.2;45.2;45.2
552;41;41;45.3;45.3;45.3;45.3;45.3
553;43.6;43.6;45.4;45.4;45.4;45.4;45.4
554;43.7;43.7;45.5;45.5;45.5;45.5;45.5
555;43.8;43.8;45.6;45.6;45.6;45.6;45.6
556;43.9;43.9;45.7;45.7;45.7;45.7;45.7
557;44;44;45.8;45.8;45.8;45.8;45.8
558;44.1;44.1;45.9;45.9;45.9;45.9;45.9
559;44.2;44.2;46;46;46;46;46
560;44.3;44.3;46.1;46.1;46.1;46.1;46.1
561;44.4;44.4;46.2;46.2;46.2;46.2;46.2
562;44.5;44.5;46.3;46.3;46.3;46.3;46.3
563;44.6;44.6;46.4;46.4;46.4;46.4;46.4
564;44.9;44.9;46.7;46.7;46.7;46.7;46.7
565;45.5;45.5;47.2;47.2;47.2;47.2;47.2
566;46.3;46.3;48;48;48;48;48
567;47.1;47.1;48.9;48.9;48.9;48.9;48.9
568;48;48;49.8;49.8;49.8;49.8;49.8
569;48.7;48.7;50.5;50.5;50.5;50.5;50.5
570;49.2;49.2;51;51;51;51;51
571;49.4;49.4;51.1;51.1;51.1;51.1;51.1
572;49.3;49.3;51;51;51;51;51
573;48.7;48.7;50.4;50.4;50.4;50.4;50.4
574;47.3;47.3;49;49;49;49;49
575;45;45;46.7;46.7;46.7;46.7;46.7
576;42.3;42.3;44;44;44;44;44
577;39.5;39.5;41.1;41.1;41.1;41.1;41.1
578;36.6;36.6;38.3;38.3;38.3;38.3;38.3
579;33.7;33.7;35.4;35.4;35.4;35.4;35.4
580;30.1;30.1;31.8;31.8;31.8;31.8;31.8
581;26;26;27.3;27.3;27.3;27.3;27.3
582;21.8;21.8;22.4;22.4;22.4;22.4;22.4
583;17.7;17.7;17.7;17.7;17.7;17.7;17.7
584;13.5;13.5;13.4;13.4;13.4;13.4;13.4
585;9.4;9.4;9.3;9.3;9.3;9.3;9.3
586;5.6;5.6;5.5;5.5;5.5;5.5;5.5
587;2.1;2.1;2;2;2;2;2
588;0;0;0;0;0;0;0
589;0;0;0;0;0;0;0
590;0;0;0;0;0;0;0
591;0;0;0;0;0;0;0
592;0;0;0;0;0;0;0
593;0;0;0;0;0;0;0
594;0;0;0;0;0;0;0
595;0;0;0;0;0;0;0
596;0;0;0;0;0;0;0
597;0;0;0;0;0;0;0
598;0;0;0;0;0;0;0
599;0;0;0;0;0;0;0
600;0;0;0;0;0;0;0
601;;;;0;0;0;0
602;;;;0;0;0;0
603;;;;0;0;0;0
604;;;;0;0;0;0
605;;;;0;0;0;0
606;;;;0;0;0;0
607;;;;0;0;0;0
608;;;;0;0;0;0
609;;;;2.3;2.3;2.3;2.3
610;;;;7.3;7.3;7.3;7.3
611;;;;13.6;15.2;15.2;15.2
612;;;;18.9;23.9;23.9;23.9
613;;;;23.6;32.5;32.5;32.5
614;;;;27.8;39.2;39.2;39.2
615;;;;31.8;44.1;44.1;44.1
616;;;;35.6;48.1;48.1;48.1
617;;;;39.3;51.2;51.2;51.2
618;;;;42.7;53.3;53.3;53.3
619;;;;46;54.5;54.5;54.5
620;;;;49.1;55.7;55.7;55.7
621;;;;52.1;56.9;56.9;56.9
622;;;;54.9;57.5;57.5;57.5
623;;;;57.5;58;58;58
624;;;;58.4;58.4;58.4;58.4
625;;;;58.5;58.5;58.5;58.5
626;;;;58.5;58.5;58.5;58.5
627;;;;58.6;58.6;58.6;58.6
628;;;;58.9;58.9;58.9;58.9
629;;;;59.3;59.3;59.3;59.3
630;;;;59.8;59.8;59.8;59.8
631;;;;60.2;60.2;60.2;60.2
632;;;;60.5;60.5;60.5;60.5
633;;;;60.8;60.8;60.8;60.8
634;;;;61.1;61.1;61.1;61.1
635;;;;61.5;61.5;61.5;61.5
636;;;;62;62;62;62
637;;;;62.5;62.5;62.5;62.5
638;;;;63;63;63;63
639;;;;63.4;63.4;63.4;63.4
640;;;;63.7;63.7;63.7;63.7
641;;;;63.8;63.8;63.8;63.8
642;;;;63.9;63.9;63.9;63.9
643;;;;63.8;63.8;63.8;63.8
644;;;;63.2;63.2;63.2;63.2
645;;;;61.7;61.7;61.7;61.7
646;;;;58.9;58.9;58.9;58.9
647;;;;55.2;55.2;55.2;55.2
648;;;;51;51;51;51
649;;;;46.7;46.7;46.7;46.7
650;;;;42.8;42.8;42.8;42.8
651;;;;40.2;40.2;40.2;40.2
652;;;;38.8;38.8;38.8;38.8
653;;;;37.9;37.9;37.9;37.9
654;;;;36.7;36.7;36.7;36.7
655;;;;35.1;35.1;35.1;35.1
656;;;;32.9;32.9;32.9;32.9
657;;;;30.4;30.4;30.4;30.4
658;;;;28;28;28;28
659;;;;25.9;25.9;25.9;25.9
660;;;;24.4;24.4;24.4;24.4
661;;;;23.7;23.7;23.7;23.7
662;;;;23.8;23.8;23.8;23.8
663;;;;25;25;25;25
664;;;;27.3;27.3;27.3;27.3
665;;;;30.4;30.4;30.4;30.4
666;;;;33.9;33.9;33.9;33.9
667;;;;37.3;37.3;37.3;37.3
668;;;;39.8;39.8;39.8;39.8
669;;;;39.5;39.5;39.5;39.5
670;;;;36.3;36.3;36.3;36.3
671;;;;31.4;31.4;31.4;31.4
672;;;;26.5;26.5;26.5;26.5
673;;;;24.2;24.2;24.2;24.2
674;;;;24.8;24.8;24.8;24.8
675;;;;26.6;26.6;26.6;26.6
676;;;;27.5;27.5;27.5;27.5
677;;;;26.8;26.8;26.8;26.8
678;;;;25.3;25.3;25.3;25.3
679;;;;24;24;24;24
680;;;;23.3;23.3;23.3;23.3
681;;;;23.7;23.7;23.7;23.7
682;;;;24.9;24.9;24.9;24.9
683;;;;26.4;26.4;26.4;26.4
684;;;;27.7;27.7;27.7;27.7
685;;;;28.3;28.3;28.3;28.3
686;;;;28.3;28.3;28.3;28.3
687;;;;28.1;28.1;28.1;28.1
688;;;;28.1;28.1;28.1;28.1
689;;;;28.6;28.6;28.6;28.6
690;;;;29.8;29.8;29.8;29.8
691;;;;31.6;31.6;31.6;31.6
692;;;;33.9;33.9;33.9;33.9
693;;;;36.5;36.5;36.5;36.5
694;;;;39.1;39.1;39.1;39.1
695;;;;41.5;41.5;41.5;41.5
696;;;;43.3;43.3;43.3;43.3
697;;;;44.5;44.5;44.5;44.5
698;;;;45.1;45.1;45.1;45.1
699;;;;45.1;45.1;45.1;45.1
700;;;;43.9;43.9;43.9;43.9
701;;;;41.4;41.4;41.4;41.4
702;;;;38.4;38.4;38.4;38.4
703;;;;35.5;35.5;35.5;35.5
704;;;;32.9;32.9;32.9;32.9
705;;;;31.3;31.3;31.3;31.3
706;;;;30.7;30.7;30.7;30.7
707;;;;31;31;31;31
708;;;;32.2;32.2;32.2;32.2
709;;;;34;34;34;34
710;;;;36;36;36;36
711;;;;37.9;37.9;37.9;37.9
712;;;;39.9;39.9;39.9;39.9
713;;;;41.6;41.6;41.6;41.6
714;;;;43.1;43.1;43.1;43.1
715;;;;44.3;44.3;44.3;44.3
716;;;;45;45;45;45
717;;;;45.5;45.5;45.5;45.5
718;;;;45.8;45.8;45.8;45.8
719;;;;46;46;46;46
720;;;;46.1;46.1;46.1;46.1
721;;;;46.2;46.2;46.2;46.2
722;;;;46.1;46.1;46.1;46.1
723;;;;45.7;45.7;45.7;45.7
724;;;;45;45;45;45
725;;;;44.3;44.3;44.3;44.3
726;;;;44.7;44.7;44.7;44.7
727;;;;46.8;46.8;46.8;46.8
728;;;;49.9;50.1;50.1;50.1
729;;;;52.8;53.6;53.6;53.6
730;;;;55.6;56.9;56.9;56.9
731;;;;58.2;59.4;59.4;59.4
732;;;;60.2;60.2;60.2;60.2
733;;;;59.3;59.3;59.3;59.3
734;;;;57.5;57.5;57.5;57.5
735;;;;55.4;55.4;55.4;55.4
736;;;;52.5;52.5;52.5;52.5
737;;;;47.9;47.9;47.9;47.9
738;;;;41.4;41.4;41.4;41.4
739;;;;34.4;34.4;34.4;34.4
740;;;;30;30;30;30
741;;;;27;27;27;27
742;;;;26.5;26.5;26.5;26.5
743;;;;28.7;28.7;28.7;28.7
744;;;;32.7;33.8;33.8;33.8
745;;;;36.5;40.3;40.3;40.3
746;;;;40;46.6;46.6;46.6
747;;;;43.5;50.4;50.4;50.4
748;;;;46.7;54;54;54
749;;;;49.8;56.9;56.9;56.9
750;;;;52.7;59.1;59.1;59.1
751;;;;55.5;60.6;60.6;60.6
752;;;;58.1;61.7;61.7;61.7
753;;;;60.6;62.6;62.6;62.6
754;;;;62.9;63.1;63.1;63.1
755;;;;62.9;62.9;62.9;62.9
756;;;;61.7;61.7;61.7;61.7
757;;;;59.4;59.4;59.4;59.4
758;;;;56.6;56.6;56.6;56.6
759;;;;53.7;53.7;53.7;53.7
760;;;;50.7;50.7;50.7;50.7
761;;;;47.7;47.7;47.7;47.7
762;;;;45;45;45;45
763;;;;43.1;43.1;43.1;43.1
764;;;;41.9;41.9;41.9;41.9
765;;;;41.6;41.6;41.6;41.6
766;;;;41.3;41.3;41.3;41.3
767;;;;40.9;40.9;40.9;40.9
768;;;;41.8;41.8;41.8;41.8
769;;;;42.1;42.1;42.1;42.1
770;;;;41.8;41.8;41.8;41.8
771;;;;41.3;41.3;41.3;41.3
772;;;;41.5;41.5;41.5;41.5
773;;;;43.5;43.5;43.5;43.5
774;;;;46.5;46.5;46.5;46.5
775;;;;49.7;49.7;49.7;49.7
776;;;;52.6;52.6;52.6;52.6
777;;;;55;55;55;55
778;;;;56.5;56.5;56.5;56.5
779;;;;57.1;57.1;57.1;57.1
780;;;;57.3;57.3;57.3;57.3
781;;;;57;57;57;57
782;;;;56.3;56.3;56.3;56.3
783;;;;55.2;55.2;55.2;55.2
784;;;;53.9;53.9;53.9;53.9
785;;;;52.6;52.6;52.6;52.6
786;;;;51.4;51.4;51.4;51.4
787;;;;50.1;50.1;50.1;50.1
788;;;;51.5;51.5;51.5;51.5
789;;;;53.1;53.1;53.1;53.1
790;;;;54.8;54.8;54.8;54.8
791;;;;56.6;56.6;56.6;56.6
792;;;;58.5;58.5;58.5;58.5
793;;;;60.6;60.6;60.6;60.6
794;;;;62.8;62.8;62.8;62.8
795;;;;64.9;64.9;64.9;64.9
796;;;;67;67;67;67
797;;;;69.1;69.1;69.1;69.1
798;;;;70.9;70.9;70.9;70.9
799;;;;72.2;72.2;72.2;72.2
800;;;;72.8;72.8;72.8;72.8
801;;;;72.8;72.8;72.8;72.8
802;;;;71.9;71.9;71.9;71.9
803;;;;70.5;70.5;70.5;70.5
804;;;;68.8;68.8;68.8;68.8
805;;;;67.1;67.1;67.1;67.1
806;;;;65.4;65.4;65.4;65.4
807;;;;63.9;63.9;63.9;63.9
808;;;;62.8;62.8;62.8;62.8
809;;;;61.8;61.8;61.8;61.8
810;;;;61;61;61;61
811;;;;60.4;60.4;60.4;60.4
812;;;;60;60;60;60
813;;;;60.2;60.2;60.2;60.2
814;;;;61.4;61.4;61.4;61.4
815;;;;63.3;63.3;63.3;63.3
816;;;;65.5;65.5;65.5;65.5
817;;;;67.4;67.4;67.4;67.4
818;;;;68.5;68.5;68.5;68.5
819;;;;68.7;68.7;68.7;68.7
820;;;;68.1;68.1;68.1;68.1
821;;;;67.3;67.3;67.3;67.3
822;;;;66.5;66.5;66.5;66.5
823;;;;65.9;65.9;65.9;65.9
824;;;;65.5;65.5;65.5;65.5
825;;;;64.9;64.9;64.9;64.9
826;;;;64.1;64.1;64.1;64.1
827;;;;63;63;63;63
828;;;;62.1;62.1;62.1;62.1
829;;;;61.6;61.6;61.6;61.6
830;;;;61.7;61.7;61.7;61.7
831;;;;62.3;62.3;62.3;62.3
832;;;;63.5;63.5;63.5;63.5
833;;;;65.3;65.3;65.3;65.3
834;;;;67.3;67.3;67.3;67.3
835;;;;69.2;69.3;69.3;69.3
836;;;;71.1;71.4;71.4;71.4
837;;;;73;73.5;73.5;73.5
838;;;;74.8;75.6;75.6;75.6
839;;;;75.7;77.7;77.7;77.7
840;;;;76.7;79.7;79.7;79.7
841;;;;77.5;81.5;81.5;81.5
842;;;;78.1;83.1;83.1;83.1
843;;;;78.6;84.6;84.6;84.6
844;;;;79;86;86;86
845;;;;79.4;87.4;87.4;87.4
846;;;;79.7;88.7;88.7;88.7
847;;;;80.1;89.6;89.6;89.6
848;;;;80.7;90.2;90.2;90.2
849;;;;80.8;90.7;90.7;90.7
850;;;;81;91.2;91.2;91.2
851;;;;81.2;91.8;91.8;91.8
852;;;;81.6;92.4;92.4;92.4
853;;;;81.9;93;93;93
854;;;;82.1;93.6;93.6;93.6
855;;;;82.1;94.1;94.1;94.1
856;;;;82.3;94.3;94.3;94.3
857;;;;82.4;94.4;94.4;94.4
858;;;;82.4;94.4;94.4;94.4
859;;;;82.3;94.3;94.3;94.3
860;;;;82.3;94.3;94.3;94.3
861;;;;82.2;94.2;94.2;94.2
862;;;;82.2;94.2;94.2;94.2
863;;;;82.1;94.2;94.2;94.2
864;;;;82.1;94.1;94.1;94.1
865;;;;82;94;94;94
866;;;;82;94;94;94
867;;;;81.9;93.9;93.9;93.9
868;;;;81.9;93.9;93.9;93.9
869;;;;81.9;93.9;93.9;93.9
870;;;;81.9;93.9;93.9;93.9
871;;;;81.9;93.9;93.9;93.9
872;;;;82;94;94;94
873;;;;82;94;94;94
874;;;;82.1;94.1;94.1;94.1
875;;;;82.2;94.2;94.2;94.2
876;;;;82.3;94.3;94.3;94.3
877;;;;82.4;94.4;94.4;94.4
878;;;;82.5;94.5;94.5;94.5
879;;;;82.5;94.5;94.5;94.5
880;;;;82.5;94.5;94.5;94.5
881;;;;82.5;94.5;94.5;94.5
882;;;;82.4;94.4;94.4;94.4
883;;;;82.4;94.5;94.5;94.5
884;;;;82.4;94.6;94.6;94.6
885;;;;82.5;94.7;94.7;94.7
886;;;;82.5;94.8;94.8;94.8
887;;;;82.5;94.9;94.9;94.9
888;;;;82.4;94.8;94.8;94.8
889;;;;82.3;94.3;94.3;94.3
890;;;;81.6;93.3;93.3;93.3
891;;;;81.3;91.8;91.8;91.8
892;;;;80.3;89.6;89.6;89.6
893;;;;79.9;87;87;87
894;;;;79.2;84.1;84.1;84.1
895;;;;79.2;81.2;81.2;81.2
896;;;;78.4;78.4;78.4;78.4
897;;;;75.7;75.7;75.7;75.7
898;;;;73.2;73.2;73.2;73.2
899;;;;71.1;71.1;71.1;71.1
900;;;;69.5;69.5;69.5;69.5
901;;;;68.3;68.3;68.3;68.3
902;;;;67.3;67.3;67.3;67.3
903;;;;66.1;66.1;66.1;66.1
904;;;;63.9;63.9;63.9;63.9
905;;;;60.2;60.2;60.2;60.2
906;;;;54.9;54.9;54.9;54.9
907;;;;48.1;48.1;48.1;48.1
908;;;;40.9;40.9;40.9;40.9
909;;;;36;36;36;36
910;;;;33.9;33.9;33.9;33.9
911;;;;33.9;33.9;33.9;33.9
912;;;;36.5;36.5;36.5;36.5
913;;;;40.1;41;41;41
914;;;;43.5;45.3;45.3;45.3
915;;;;46.8;49.2;49.2;49.2
916;;;;49.8;51.5;51.5;51.5
917;;;;52.8;53.2;53.2;53.2
918;;;;53.9;53.9;53.9;53.9
919;;;;53.9;53.9;53.9;53.9
920;;;;53.7;53.7;53.7;53.7
921;;;;53.7;53.7;53.7;53.7
922;;;;54.3;54.3;54.3;54.3
923;;;;55.4;55.4;55.4;55.4
924;;;;56.8;56.8;56.8;56.8
925;;;;58.1;58.1;58.1;58.1
926;;;;58.9;58.9;58.9;58.9
927;;;;58.2;58.2;58.2;58.2
928;;;;55.8;55.8;55.8;55.8
929;;;;52.6;52.6;52.6;52.6
930;;;;49.2;49.2;49.2;49.2
931;;;;47.6;47.6;47.6;47.6
932;;;;48.4;48.4;48.4;48.4
933;;;;51.4;51.8;51.8;51.8
934;;;;54.2;55.7;55.7;55.7
935;;;;56.9;59.6;59.6;59.6
936;;;;59.4;63;63;63
937;;;;61.8;65.9;65.9;65.9
938;;;;64.1;68.1;68.1;68.1
939;;;;66.2;69.8;69.8;69.8
940;;;;68.2;71.1;71.1;71.1
941;;;;70.2;72.1;72.1;72.1
942;;;;72;72.9;72.9;72.9
943;;;;73.7;73.7;73.7;73.7
944;;;;74.4;74.4;74.4;74.4
945;;;;75.1;75.1;75.1;75.1
946;;;;75.8;75.8;75.8;75.8
947;;;;76.5;76.5;76.5;76.5
948;;;;77.2;77.2;77.2;77.2
949;;;;77.8;77.8;77.8;77.8
950;;;;78.5;78.5;78.5;78.5
951;;;;79.2;79.2;79.2;79.2
952;;;;80;80;80;80
953;;;;81;81;81;81
954;;;;81.2;82;82;82
955;;;;81.8;83;83;83
956;;;;82.2;83.7;83.7;83.7
957;;;;82.2;84.2;84.2;84.2
958;;;;82.4;84.4;84.4;84.4
959;;;;82.5;84.5;84.5;84.5
960;;;;82.5;84.4;84.4;84.4
961;;;;82.5;84.1;84.1;84.1
962;;;;82.5;83.7;83.7;83.7
963;;;;82.3;83.2;83.2;83.2
964;;;;82.1;82.8;82.8;82.8
965;;;;82.1;82.6;82.6;82.6
966;;;;82.1;82.5;82.5;82.5
967;;;;82.1;82.4;82.4;82.4
968;;;;82.1;82.3;82.3;82.3
969;;;;82.1;82.2;82.2;82.2
970;;;;82.1;82.2;82.2;82.2
971;;;;82.1;82.2;82.2;82.2
972;;;;82.1;82.1;82.1;82.1
973;;;;81.9;81.9;81.9;81.9
974;;;;81.6;81.6;81.6;81.6
975;;;;81.3;81.3;81.3;81.3
976;;;;81.1;81.1;81.1;81.1
977;;;;80.8;80.8;80.8;80.8
978;;;;80.6;80.6;80.6;80.6
979;;;;80.4;80.4;80.4;80.4
980;;;;80.1;80.1;80.1;80.1
981;;;;79.7;79.7;79.7;79.7
982;;;;78.6;78.6;78.6;78.6
983;;;;76.8;76.8;76.8;76.8
984;;;;73.7;73.7;73.7;73.7
985;;;;69.4;69.4;69.4;69.4
986;;;;64;64;64;64
987;;;;58.6;58.6;58.6;58.6
988;;;;53.2;53.2;53.2;53.2
989;;;;47.8;47.8;47.8;47.8
990;;;;42.4;42.4;42.4;42.4
991;;;;37;37;37;37
992;;;;33;33;33;33
993;;;;30.9;30.9;30.9;30.9
994;;;;30.9;30.9;30.9;30.9
995;;;;33.5;33.5;33.5;33.5
996;;;;37.2;38;38;38
997;;;;40.8;42.5;42.5;42.5
998;;;;44.2;47;47;47
999;;;;47.4;51;51;51
1000;;;;50.4;53.5;53.5;53.5
1001;;;;53.3;55.1;55.1;55.1
1002;;;;56.1;56.4;56.4;56.4
1003;;;;57.3;57.3;57.3;57.3
1004;;;;58.1;58.1;58.1;58.1
1005;;;;58.8;58.8;58.8;58.8
1006;;;;59.4;59.4;59.4;59.4
1007;;;;59.8;59.8;59.8;59.8
1008;;;;59.7;59.7;59.7;59.7
1009;;;;59.4;59.4;59.4;59.4
1010;;;;59.2;59.2;59.2;59.2
1011;;;;59.2;59.2;59.2;59.2
1012;;;;59.6;59.6;59.6;59.6
1013;;;;60;60;60;60
1014;;;;60.5;60.5;60.5;60.5
1015;;;;61;61;61;61
1016;;;;61.2;61.2;61.2;61.2
1017;;;;61.3;61.3;61.3;61.3
1018;;;;61.4;61.4;61.4;61.4
1019;;;;61.7;61.7;61.7;61.7
1020;;;;62.3;62.3;62.3;62.3
1021;;;;63.1;63.1;63.1;63.1
1022;;;;63.6;63.6;63.6;63.6
1023;;;;63.9;63.9;63.9;63.9
1024;;;;63.8;63.8;63.8;63.8
1025;;;;63.6;63.6;63.6;63.6
1026;;;;63.3;63.3;63.3;63.3
1027;;;;62.8;62.8;62.8;62.8
1028;;;;61.9;61.9;61.9;61.9
1029;;;;60.5;60.5;60.5;60.5
1030;;;;58.6;58.6;58.6;58.6
1031;;;;56.5;56.5;56.5;56.5
1032;;;;54.6;54.6;54.6;54.6
1033;;;;53.8;53.8;53.8;53.8
1034;;;;54.5;54.5;54.5;54.5
1035;;;;56.1;56.1;56.1;56.1
1036;;;;57.9;57.9;57.9;57.9
1037;;;;59.7;59.7;59.7;59.7
1038;;;;61.2;61.2;61.2;61.2
1039;;;;62.3;62.3;62.3;62.3
1040;;;;63.1;63.1;63.1;63.1
1041;;;;63.6;63.6;63.6;63.6
1042;;;;63.5;63.5;63.5;63.5
1043;;;;62.7;62.7;62.7;62.7
1044;;;;60.9;60.9;60.9;60.9
1045;;;;58.7;58.7;58.7;58.7
1046;;;;56.4;56.4;56.4;56.4
1047;;;;54.5;54.5;54.5;54.5
1048;;;;53.3;53.3;53.3;53.3
1049;;;;53;53;53;53
1050;;;;53.5;53.5;53.5;53.5
1051;;;;54.6;54.6;54.6;54.6
1052;;;;56.1;56.1;56.1;56.1
1053;;;;57.6;57.6;57.6;57.6
1054;;;;58.9;58.9;58.9;58.9
1055;;;;59.8;59.8;59.8;59.8
1056;;;;60.3;60.3;60.3;60.3
1057;;;;60.7;60.7;60.7;60.7
1058;;;;61.3;61.3;61.3;61.3
1059;;;;62.4;62.4;62.4;62.4
1060;;;;64.1;64.1;64.1;64.1
1061;;;;66.2;66.2;66.2;66.2
1062;;;;68.1;68.1;68.1;68.1
1063;;;;69.7;69.7;69.7;69.7
1064;;;;70.4;70.4;70.4;70.4
1065;;;;70.7;70.7;70.7;70.7
1066;;;;70.7;70.7;70.7;70.7
1067;;;;70.7;70.7;70.7;70.7
1068;;;;70.7;70.7;70.7;70.7
1069;;;;70.6;70.6;70.6;70.6
1070;;;;70.5;70.5;70.5;70.5
1071;;;;70.4;70.4;70.4;70.4
1072;;;;70.2;70.2;70.2;70.2
1073;;;;70.1;70.1;70.1;70.1
1074;;;;69.8;69.8;69.8;69.8
1075;;;;69.5;69.5;69.5;69.5
1076;;;;69.1;69.1;69.1;69.1
1077;;;;69.1;69.1;69.1;69.1
1078;;;;69.5;69.5;69.5;69.5
1079;;;;70.3;70.3;70.3;70.3
1080;;;;71.2;71.2;71.2;71.2
1081;;;;72;72;72;72
1082;;;;72.6;72.6;72.6;72.6
1083;;;;72.8;72.8;72.8;72.8
1084;;;;72.7;72.7;72.7;72.7
1085;;;;72;72;72;72
1086;;;;70.4;70.4;70.4;70.4
1087;;;;67.7;67.7;67.7;67.7
1088;;;;64.4;64.4;64.4;64.4
1089;;;;61;61;61;61
1090;;;;57.6;57.6;57.6;57.6
1091;;;;54;54;54;54
1092;;;;49.7;49.7;49.7;49.7
1093;;;;44.4;44.4;44.4;44.4
1094;;;;38.2;38.2;38.2;38.2
1095;;;;31.2;31.2;31.2;31.2
1096;;;;24;24;24;24
1097;;;;16.8;16.8;16.8;16.8
1098;;;;10.4;10.4;10.4;10.4
1099;;;;5.7;5.7;5.7;5.7
1100;;;;2.8;2.8;2.8;2.8
1101;;;;1.6;1.6;1.6;1.6
1102;;;;0.3;0.3;0.3;0.3
1103;;;;0;0;0;0
1104;;;;0;0;0;0
1105;;;;0;0;0;0
1106;;;;0;0;0;0
1107;;;;0;0;0;0
1108;;;;0;0;0;0
1109;;;;0;0;0;0
1110;;;;0;0;0;0
1111;;;;0;0;0;0
1112;;;;0;0;0;0
1113;;;;0;0;0;0
1114;;;;0;0;0;0
1115;;;;0;0;0;0
1116;;;;0;0;0;0
1117;;;;0;0;0;0
1118;;;;0;0;0;0
1119;;;;0;0;0;0
1120;;;;0;0;0;0
1121;;;;0;0;0;0
1122;;;;0;0;0;0
1123;;;;0;0;0;0
1124;;;;0;0;0;0
1125;;;;0;0;0;0
1126;;;;0;0;0;0
1127;;;;0;0;0;0
1128;;;;0;0;0;0
1129;;;;0;0;0;0
1130;;;;0;0;0;0
1131;;;;0;0;0;0
1132;;;;0;0;0;0
1133;;;;2.3;2.3;2.3;2.3
1134;;;;7.2;7.2;7.2;7.2
1135;;;;13.5;14.6;14.6;14.6
1136;;;;18.7;23.5;23.5;23.5
1137;;;;22.9;33;33;33
1138;;;;26.7;42.7;42.7;42.7
1139;;;;30;51.8;51.8;51.8
1140;;;;32.8;59.4;59.4;59.4
1141;;;;35.2;65.3;65.3;65.3
1142;;;;37.3;69.6;69.6;69.6
1143;;;;39.1;72.3;72.3;72.3
1144;;;;40.8;73.9;73.9;73.9
1145;;;;41.8;75;75;75
1146;;;;42.5;75.7;75.7;75.7
1147;;;;43.3;76.5;76.5;76.5
1148;;;;44.1;77.3;77.3;77.3
1149;;;;45;78.2;78.2;78.2
1150;;;;45.7;78.9;78.9;78.9
1151;;;;46.2;79.4;79.4;79.4
1152;;;;46.3;79.6;79.6;79.6
1153;;;;46.1;79.3;79.3;79.3
1154;;;;45.6;78.8;78.8;78.8
1155;;;;44.9;78.1;78.1;78.1
1156;;;;44.4;77.5;77.5;77.5
1157;;;;44;77.2;77.2;77.2
1158;;;;44;77.2;77.2;77.2
1159;;;;44.3;77.5;77.5;77.5
1160;;;;44.8;77.9;77.9;77.9
1161;;;;45.3;78.5;78.5;78.5
1162;;;;45.9;79.1;79.1;79.1
1163;;;;46.5;79.6;79.6;79.6
1164;;;;46.8;80;80;80
1165;;;;47.1;80.2;80.2;80.2
1166;;;;47.1;80.3;80.3;80.3
1167;;;;47;80.1;80.1;80.1
1168;;;;46.7;79.8;79.8;79.8
1169;;;;46.3;79.5;79.5;79.5
1170;;;;45.9;79.1;79.1;79.1
1171;;;;45.6;78.8;78.8;78.8
1172;;;;45.4;78.6;78.6;78.6
1173;;;;45.2;78.4;78.4;78.4
1174;;;;45.1;78.3;78.3;78.3
1175;;;;44.8;78;78;78
1176;;;;43.5;76.7;76.7;76.7
1177;;;;40.9;73.7;73.7;73.7
1178;;;;38.2;69.5;69.5;69.5
1179;;;;35.6;64.8;64.8;64.8
1180;;;;33;60.3;60.3;60.3
1181;;;;30.4;56.2;56.2;56.2
1182;;;;27.7;52.5;52.5;52.5
1183;;;;25.1;49;49;49
1184;;;;22.5;45.2;45.2;45.2
1185;;;;19.8;40.8;40.8;40.8
1186;;;;17.2;35.4;35.4;35.4
1187;;;;14.6;29.4;29.4;29.4
1188;;;;12;23.4;23.4;23.4
1189;;;;9.3;17.7;17.7;17.7
1190;;;;6.7;12.6;12.6;12.6
1191;;;;4.1;8;8;8
1192;;;;1.5;4.1;4.1;4.1
1193;;;;0;1.3;1.3;1.3
1194;;;;0;0;0;0
1195;;;;0;0;0;0
1196;;;;0;0;0;0
1197;;;;0;0;0;0
1198;;;;0;0;0;0
1199;;;;0;0;0;0
1200;;;;0;0;0;0
1201;;;;;;0;0
1202;;;;;;0;0
1203;;;;;;0;0
1204;;;;;;0;0
1205;;;;;;0;0
1206;;;;;;0;0
1207;;;;;;0.9;0.9
1208;;;;;;3.2;3.2
1209;;;;;;7.3;7.3
1210;;;;;;12.4;12.4
1211;;;;;;17.9;17.9
1212;;;;;;23.5;23.5
1213;;;;;;29.1;29.1
1214;;;;;;34.3;34.3
1215;;;;;;38.6;38.6
1216;;;;;;41.6;41.6
1217;;;;;;43.9;43.9
1218;;;;;;45.9;45.9
1219;;;;;;48.1;48.1
1220;;;;;;50.3;50.3
1221;;;;;;52.6;52.6
1222;;;;;;54.8;54.8
1223;;;;;;55.8;55.8
1224;;;;;;55.2;55.2
1225;;;;;;53.9;53.9
1226;;;;;;52.7;52.7
1227;;;;;;52.8;52.8
1228;;;;;;55;55
1229;;;;;;58.5;58.5
1230;;;;;;62.3;62.3
1231;;;;;;65.7;65.7
1232;;;;;;68.1;68.1
1233;;;;;;69.1;69.1
1234;;;;;;69.5;69.5
1235;;;;;;69.9;69.9
1236;;;;;;70.6;70.6
1237;;;;;;71.3;71.3
1238;;;;;;72.2;72.2
1239;;;;;;72.8;72.8
1240;;;;;;73.2;73.2
1241;;;;;;73.4;73.4
1242;;;;;;73.8;73.8
1243;;;;;;74.8;74.8
1244;;;;;;76.7;76.7
1245;;;;;;79.1;79.1
1246;;;;;;81.1;81.1
1247;;;;;;82.1;82.1
1248;;;;;;81.7;81.7
1249;;;;;;80.3;80.3
1250;;;;;;78.8;78.8
1251;;;;;;77.3;77.3
1252;;;;;;75.9;75.9
1253;;;;;;75;75
1254;;;;;;74.7;74.7
1255;;;;;;74.7;74.7
1256;;;;;;74.7;74.7
1257;;;;;;74.6;74.6
1258;;;;;;74.4;74.4
1259;;;;;;74.1;74.1
1260;;;;;;73.9;73.9
1261;;;;;;74.1;74.1
1262;;;;;;75.1;75.1
1263;;;;;;76.8;76.8
1264;;;;;;78.7;78.7
1265;;;;;;80.4;80.4
1266;;;;;;81.7;81.7
1267;;;;;;82.6;82.6
1268;;;;;;83.5;83.5
1269;;;;;;84.4;84.4
1270;;;;;;85.1;85.1
1271;;;;;;85.7;85.7
1272;;;;;;86.3;86.3
1273;;;;;;87;87
1274;;;;;;87.9;87.9
1275;;;;;;88.8;88.8
1276;;;;;;89.7;89.7
1277;;;;;;90.3;90.3
1278;;;;;;90.6;90.6
1279;;;;;;90.6;90.6
1280;;;;;;90.5;90.5
1281;;;;;;90.4;90.4
1282;;;;;;90.1;90.1
1283;;;;;;89.7;89.7
1284;;;;;;89.3;89.3
1285;;;;;;89;89
1286;;;;;;88.8;88.8
1287;;;;;;88.9;88.9
1288;;;;;;89.1;89.1
1289;;;;;;89.3;89.3
1290;;;;;;89.4;89.4
1291;;;;;;89.4;89.4
1292;;;;;;89.2;89.2
1293;;;;;;88.9;88.9
1294;;;;;;88.5;88.5
1295;;;;;;88;88
1296;;;;;;87.5;87.5
1297;;;;;;87.2;87.2
1298;;;;;;87.1;87.1
1299;;;;;;87.2;87.2
1300;;;;;;87.3;87.3
1301;;;;;;87.4;87.4
1302;;;;;;87.5;87.5
1303;;;;;;87.4;87.4
1304;;;;;;87.1;87.1
1305;;;;;;86.8;86.8
1306;;;;;;86.4;86.4
1307;;;;;;85.9;85.9
1308;;;;;;85.2;85.2
1309;;;;;;84;84
1310;;;;;;82.2;82.2
1311;;;;;;80.3;80.3
1312;;;;;;78.6;78.6
1313;;;;;;77.2;77.2
1314;;;;;;75.9;75.9
1315;;;;;;73.8;73.8
1316;;;;;;70.4;70.4
1317;;;;;;65.7;65.7
1318;;;;;;60.5;60.5
1319;;;;;;55.9;55.9
1320;;;;;;53;53
1321;;;;;;51.6;51.6
1322;;;;;;50.9;50.9
1323;;;;;;50.5;50.5
1324;;;;;;50.2;50.2
1325;;;;;;50.3;50.3
1326;;;;;;50.6;50.6
1327;;;;;;51.2;51.2
1328;;;;;;51.8;51.8
1329;;;;;;52.5;52.5
1330;;;;;;53.4;53.4
1331;;;;;;54.9;54.9
1332;;;;;;57;57
1333;;;;;;59.4;59.4
1334;;;;;;61.9;61.9
1335;;;;;;64.3;64.3
1336;;;;;;66.4;66.4
1337;;;;;;68.1;68.1
1338;;;;;;69.6;69.6
1339;;;;;;70.7;70.7
1340;;;;;;71.4;71.4
1341;;;;;;71.8;71.8
1342;;;;;;72.8;72.8
1343;;;;;;75;75
1344;;;;;;77.8;77.8
1345;;;;;;80.7;80.7
1346;;;;;;83.3;83.3
1347;;;;;;85.4;85.4
1348;;;;;;87.3;87.3
1349;;;;;;89.1;89.1
1350;;;;;;90.6;90.6
1351;;;;;;91.9;91.9
1352;;;;;;93.2;93.2
1353;;;;;;94.6;94.6
1354;;;;;;96;96
1355;;;;;;97.5;97.5
1356;;;;;;99;99
1357;;;;;;99.8;99.8
1358;;;;;;99;99
1359;;;;;;96.7;96.7
1360;;;;;;93.7;93.7
1361;;;;;;91.3;91.3
1362;;;;;;90.4;90.4
1363;;;;;;90.6;90.6
1364;;;;;;91.1;91.1
1365;;;;;;90.9;90.9
1366;;;;;;89;89
1367;;;;;;85.6;85.6
1368;;;;;;81.6;81.6
1369;;;;;;77.6;77.6
1370;;;;;;73.6;73.6
1371;;;;;;69.7;69.7
1372;;;;;;66;66
1373;;;;;;62.7;62.7
1374;;;;;;60;60
1375;;;;;;58;58
1376;;;;;;56.4;56.4
1377;;;;;;54.8;54.8
1378;;;;;;53.3;53.3
1379;;;;;;51.7;51.7
1380;;;;;;50.2;50.2
1381;;;;;;48.7;48.7
1382;;;;;;47.2;47.2
1383;;;;;;47.1;47.1
1384;;;;;;47;47
1385;;;;;;46.9;46.9
1386;;;;;;46.6;46.6
1387;;;;;;46.3;46.3
1388;;;;;;46.1;46.1
1389;;;;;;46.1;46.1
1390;;;;;;46.5;46.5
1391;;;;;;47.1;47.1
1392;;;;;;48.1;48.1
1393;;;;;;49.8;49.8
1394;;;;;;52.2;52.2
1395;;;;;;54.8;54.8
1396;;;;;;57.3;57.3
1397;;;;;;59.5;59.5
1398;;;;;;61.7;61.7
1399;;;;;;64.4;64.4
1400;;;;;;67.7;67.7
1401;;;;;;71.4;71.4
1402;;;;;;74.9;74.9
1403;;;;;;78.2;78.2
1404;;;;;;81.1;81.1
1405;;;;;;83.9;83.9
1406;;;;;;86.6;86.6
1407;;;;;;89.1;89.1
1408;;;;;;91.6;91.6
1409;;;;;;94;94
1410;;;;;;96.3;96.3
1411;;;;;;98.4;98.4
1412;;;;;;100.4;100.4
1413;;;;;;102.1;102.1
1414;;;;;;103.6;103.6
1415;;;;;;104.9;104.9
1416;;;;;;106.2;106.2
1417;;;;;;106.5;107.5
1418;;;;;;106.5;108.5
1419;;;;;;106.6;109.3
1420;;;;;;106.6;109.9
1421;;;;;;107;110.5
1422;;;;;;107.3;110.9
1423;;;;;;107.3;111.2
1424;;;;;;107.2;111.4
1425;;;;;;107.2;111.7
1426;;;;;;107.2;111.9
1427;;;;;;107.3;112.3
1428;;;;;;107.5;113
1429;;;;;;107.3;114.1
1430;;;;;;107.3;115.7
1431;;;;;;107.3;117.5
1432;;;;;;107.3;119.3
1433;;;;;;108;121
1434;;;;;;108.2;122.2
1435;;;;;;108.9;122.9
1436;;;;;;109;123
1437;;;;;;108.9;122.9
1438;;;;;;108.8;122.8
1439;;;;;;108.6;122.6
1440;;;;;;108.4;122.4
1441;;;;;;108.3;122.3
1442;;;;;;108.2;122.2
1443;;;;;;108.2;122.2
1444;;;;;;108.2;122.2
1445;;;;;;108.2;122.2
1446;;;;;;108.3;122.3
1447;;;;;;108.4;122.4
1448;;;;;;108.5;122.5
1449;;;;;;108.5;122.5
1450;;;;;;108.5;122.5
1451;;;;;;108.5;122.5
1452;;;;;;108.5;122.5
1453;;;;;;108.7;122.7
1454;;;;;;108.8;122.8
1455;;;;;;109;123
1456;;;;;;109.2;123.2
1457;;;;;;109.3;123.3
1458;;;;;;109.4;123.4
1459;;;;;;109.5;123.5
1460;;;;;;109.5;123.5
1461;;;;;;109.6;123.6
1462;;;;;;109.8;123.8
1463;;;;;;110;124
1464;;;;;;110.2;124.2
1465;;;;;;110.5;124.5
1466;;;;;;110.7;124.7
1467;;;;;;111;125
1468;;;;;;111.1;125.1
1469;;;;;;111.2;125.2
1470;;;;;;111.3;125.3
1471;;;;;;111.3;125.3
1472;;;;;;111.3;125.3
1473;;;;;;111.2;125.2
1474;;;;;;111;125
1475;;;;;;110.8;124.8
1476;;;;;;110.6;124.6
1477;;;;;;110.4;124.4
1478;;;;;;110.3;124.3
1479;;;;;;109.9;123.9
1480;;;;;;109.3;123.3
1481;;;;;;108.1;122.1
1482;;;;;;106.3;120.3
1483;;;;;;104;118
1484;;;;;;101.5;115.5
1485;;;;;;99.2;113.2
1486;;;;;;97.2;111.2
1487;;;;;;96.1;110.1
1488;;;;;;95.7;109.7
1489;;;;;;95.8;109.8
1490;;;;;;96.1;110.1
1491;;;;;;96.4;110.4
1492;;;;;;96.7;110.7
1493;;;;;;96.9;110.9
1494;;;;;;96.9;110.9
1495;;;;;;96.8;110.8
1496;;;;;;96.7;110.7
1497;;;;;;96.4;110.4
1498;;;;;;96.1;110.1
1499;;;;;;95.9;109.9
1500;;;;;;95.8;109.8
1501;;;;;;95.9;109.9
1502;;;;;;96.2;110.2
1503;;;;;;96.4;110.4
1504;;;;;;96.7;110.7
1505;;;;;;96.7;110.7
1506;;;;;;96.3;110.3
1507;;;;;;95.3;109.3
1508;;;;;;94;108
1509;;;;;;92.5;106.5
1510;;;;;;91.4;105.4
1511;;;;;;90.9;104.9
1512;;;;;;90.7;104.7
1513;;;;;;90.3;104.3
1514;;;;;;89.6;103.6
1515;;;;;;88.6;102.6
1516;;;;;;87.7;101.7
1517;;;;;;86.8;100.8
1518;;;;;;86.2;100.2
1519;;;;;;85.8;99.8
1520;;;;;;85.7;99.7
1521;;;;;;85.7;99.7
1522;;;;;;86;100
1523;;;;;;86.7;100.7
1524;;;;;;87.8;101.8
1525;;;;;;89.2;103.2
1526;;;;;;90.9;104.9
1527;;;;;;92.6;106.6
1528;;;;;;94.3;108.3
1529;;;;;;95.9;109.9
1530;;;;;;97.4;111.4
1531;;;;;;98.7;112.7
1532;;;;;;99.7;113.7
1533;;;;;;100.3;114.3
1534;;;;;;100.6;114.6
1535;;;;;;101;115
1536;;;;;;101.4;115.4
1537;;;;;;101.8;115.8
1538;;;;;;102.2;116.2
1539;;;;;;102.5;116.5
1540;;;;;;102.6;116.6
1541;;;;;;102.7;116.7
1542;;;;;;102.8;116.8
1543;;;;;;103;117
1544;;;;;;103.5;117.5
1545;;;;;;104.3;118.3
1546;;;;;;105.2;119.2
1547;;;;;;106.1;120.1
1548;;;;;;106.8;120.8
1549;;;;;;107.1;121.1
1550;;;;;;106.7;120.7
1551;;;;;;105;119
1552;;;;;;102.3;116.3
1553;;;;;;99.1;113.1
1554;;;;;;96.3;110.3
1555;;;;;;95;109
1556;;;;;;95.4;109.4
1557;;;;;;96.4;110.4
1558;;;;;;97.3;111.3
1559;;;;;;97.5;111.5
1560;;;;;;96.1;110.1
1561;;;;;;93.4;107.4
1562;;;;;;90.4;104.4
1563;;;;;;87.8;101.8
1564;;;;;;86;100
1565;;;;;;85.1;99.1
1566;;;;;;84.7;98.7
1567;;;;;;84.2;98.2
1568;;;;;;85;99
1569;;;;;;86.5;100.5
1570;;;;;;88.3;102.3
1571;;;;;;89.9;103.9
1572;;;;;;91;105
1573;;;;;;91.8;105.8
1574;;;;;;92.5;106.5
1575;;;;;;93.1;107.1
1576;;;;;;93.7;107.7
1577;;;;;;94.4;108.4
1578;;;;;;95;109
1579;;;;;;95.6;109.6
1580;;;;;;96.3;110.3
1581;;;;;;96.9;110.9
1582;;;;;;97.5;111.5
1583;;;;;;98;112
1584;;;;;;98.3;112.3
1585;;;;;;98.6;112.6
1586;;;;;;98.9;112.9
1587;;;;;;99.1;113.1
1588;;;;;;99.3;113.3
1589;;;;;;99.3;113.3
1590;;;;;;99.2;113.2
1591;;;;;;99.2;113.2
1592;;;;;;99.3;113.3
1593;;;;;;99.5;113.5
1594;;;;;;99.9;113.9
1595;;;;;;100.3;114.3
1596;;;;;;100.6;114.6
1597;;;;;;100.9;114.9
1598;;;;;;101.1;115.1
1599;;;;;;101.3;115.3
1600;;;;;;101.4;115.4
1601;;;;;;101.5;115.5
1602;;;;;;101.6;115.6
1603;;;;;;101.8;115.8
1604;;;;;;101.9;115.9
1605;;;;;;102;116
1606;;;;;;102;116
1607;;;;;;102;116
1608;;;;;;102;116
1609;;;;;;101.9;115.9
1610;;;;;;101.9;115.9
1611;;;;;;101.9;115.9
1612;;;;;;101.8;115.8
1613;;;;;;101.8;115.8
1614;;;;;;101.8;115.8
1615;;;;;;101.8;115.8
1616;;;;;;101.8;115.8
1617;;;;;;101.8;115.8
1618;;;;;;101.9;115.9
1619;;;;;;102;116
1620;;;;;;102.2;116.2
1621;;;;;;102.4;116.4
1622;;;;;;102.6;116.6
1623;;;;;;102.8;116.8
1624;;;;;;103.1;117.1
1625;;;;;;103.4;117.4
1626;;;;;;103.9;117.9
1627;;;;;;104.4;118.4
1628;;;;;;104.9;118.9
1629;;;;;;105.2;119.2
1630;;;;;;105.5;119.5
1631;;;;;;105.7;119.7
1632;;;;;;105.9;119.9
1633;;;;;;106.1;120.1
1634;;;;;;106.3;120.3
1635;;;;;;106.5;120.5
1636;;;;;;106.8;120.8
1637;;;;;;107.1;121.1
1638;;;;;;107.5;121.5
1639;;;;;;108;122
1640;;;;;;108.3;122.3
1641;;;;;;108.6;122.6
1642;;;;;;108.9;122.9
1643;;;;;;109.1;123.1
1644;;;;;;109.2;123.2
1645;;;;;;109.4;123.4
1646;;;;;;109.5;123.5
1647;;;;;;109.7;123.7
1648;;;;;;109.9;123.9
1649;;;;;;110.2;124.2
1650;;;;;;110.5;124.5
1651;;;;;;110.8;124.8
1652;;;;;;111;125
1653;;;;;;111.2;125.2
1654;;;;;;111.3;125.3
1655;;;;;;111.1;125.1
1656;;;;;;110.4;124.4
1657;;;;;;109.3;123.3
1658;;;;;;108.1;122.1
1659;;;;;;106.8;120.8
1660;;;;;;105.5;119.5
1661;;;;;;104.4;118.4
1662;;;;;;103.8;117.8
1663;;;;;;103.6;117.6
1664;;;;;;103.5;117.5
1665;;;;;;103.5;117.5
1666;;;;;;103.4;117.4
1667;;;;;;103.3;117.3
1668;;;;;;103.1;117.1
1669;;;;;;102.9;116.9
1670;;;;;;102.6;116.6
1671;;;;;;102.5;116.5
1672;;;;;;102.4;116.4
1673;;;;;;102.4;116.4
1674;;;;;;102.5;116.5
1675;;;;;;102.7;116.7
1676;;;;;;103;117
1677;;;;;;103.3;117.3
1678;;;;;;103.7;117.7
1679;;;;;;104.1;118.1
1680;;;;;;104.5;118.5
1681;;;;;;104.8;118.8
1682;;;;;;104.9;118.9
1683;;;;;;105.1;119.1
1684;;;;;;105.1;119.1
1685;;;;;;105.2;119.2
1686;;;;;;105.2;119.2
1687;;;;;;105.2;119.2
1688;;;;;;105.3;119.3
1689;;;;;;105.3;119.3
1690;;;;;;105.4;119.4
1691;;;;;;105.5;119.5
1692;;;;;;105.5;119.5
1693;;;;;;105.3;119.3
1694;;;;;;105.1;119.1
1695;;;;;;104.7;118.7
1696;;;;;;104.2;118.2
1697;;;;;;103.9;117.9
1698;;;;;;103.6;117.6
1699;;;;;;103.5;117.5
1700;;;;;;103.5;117.5
1701;;;;;;103.4;117.4
1702;;;;;;103.3;117.3
1703;;;;;;103;117
1704;;;;;;102.7;116.7
1705;;;;;;102.4;116.4
1706;;;;;;102.1;116.1
1707;;;;;;101.9;115.9
1708;;;;;;101.7;115.7
1709;;;;;;101.5;115.5
1710;;;;;;101.3;115.3
1711;;;;;;101.2;115.2
1712;;;;;;101;115
1713;;;;;;100.9;114.9
1714;;;;;;100.9;114.9
1715;;;;;;101;115
1716;;;;;;101.2;115.2
1717;;;;;;101.3;115.3
1718;;;;;;101.4;115.4
1719;;;;;;101.4;115.4
1720;;;;;;101.2;115.2
1721;;;;;;100.8;114.8
1722;;;;;;100.4;114.4
1723;;;;;;99.9;113.9
1724;;;;;;99.6;113.6
1725;;;;;;99.5;113.5
1726;;;;;;99.5;113.5
1727;;;;;;99.6;113.6
1728;;;;;;99.7;113.7
1729;;;;;;99.8;113.8
1730;;;;;;99.9;113.9
1731;;;;;;100;114
1732;;;;;;100;114
1733;;;;;;100.1;114.1
1734;;;;;;100.2;114.2
1735;;;;;;100.4;114.4
1736;;;;;;100.5;114.5
1737;;;;;;100.6;114.6
1738;;;;;;100.7;114.7
1739;;;;;;100.8;114.8
1740;;;;;;101;115
1741;;;;;;101.3;115.3
1742;;;;;;102;116
1743;;;;;;102.7;116.7
1744;;;;;;103.5;117.5
1745;;;;;;104.2;118.2
1746;;;;;;104.6;118.6
1747;;;;;;104.7;118.7
1748;;;;;;104.8;118.8
1749;;;;;;104.8;118.8
1750;;;;;;104.9;118.9
1751;;;;;;105.1;119.1
1752;;;;;;105.4;119.4
1753;;;;;;105.7;119.7
1754;;;;;;105.9;119.9
1755;;;;;;106;120
1756;;;;;;105.7;119.7
1757;;;;;;105.4;118.4
1758;;;;;;103.9;115.9
1759;;;;;;102.2;113.2
1760;;;;;;100.5;110.5
1761;;;;;;99.2;107.2
1762;;;;;;98;104
1763;;;;;;96.4;100.4
1764;;;;;;94.8;96.8
1765;;;;;;92.8;92.8
1766;;;;;;88.9;88.9
1767;;;;;;84.9;84.9
1768;;;;;;80.6;80.6
1769;;;;;;76.3;76.3
1770;;;;;;72.3;72.3
1771;;;;;;68.7;68.7
1772;;;;;;65.5;65.5
1773;;;;;;63;63
1774;;;;;;61.2;61.2
1775;;;;;;60.5;60.5
1776;;;;;;60;60
1777;;;;;;59.7;59.7
1778;;;;;;59.4;59.4
1779;;;;;;59.4;59.4
1780;;;;;;58;58
1781;;;;;;55;55
1782;;;;;;51;51
1783;;;;;;46;46
1784;;;;;;38.8;38.8
1785;;;;;;31.6;31.6
1786;;;;;;24.4;24.4
1787;;;;;;17.2;17.2
1788;;;;;;10;10
1789;;;;;;5;5
1790;;;;;;2;2
1791;;;;;;0;0
1792;;;;;;0;0
1793;;;;;;0;0
1794;;;;;;0;0
1795;;;;;;0;0
1796;;;;;;0;0
1797;;;;;;0;0
1798;;;;;;0;0
1799;;;;;;0;0
1800;;;;;;0;0
